{"level":30,"time":1778774729493,"env":"development","version":"2.6.5","pid":30694,"requestId":"AHYLR-HF5WW","timestamp":"2026-05-14T16:05:29.457Z","operation":"loggerInit","msg":"Logger initialized. MCP level: debug."}
{"level":30,"time":1778774729494,"env":"development","version":"2.6.5","pid":30694,"requestId":"FI8K3-P8FLV","timestamp":"2026-05-14T16:05:29.494Z","operation":"LoggerInit","msg":"Logger initialized. Effective MCP logging level: debug."}
{"level":30,"time":1778774729494,"env":"development","version":"2.6.5","pid":30694,"runtime":"node","runtimeVersion":"Node.js 25.8.1","requestId":"R6ME5-QU6RU","timestamp":"2026-05-14T16:05:29.494Z","operation":"RuntimeDetection","msg":"Runtime detected: Node.js 25.8.1"}
{"level":30,"time":1778774729494,"env":"development","version":"2.6.5","pid":30694,"requestId":"PW6XZ-GXZN4","timestamp":"2026-05-14T16:05:29.494Z","operation":"StorageInit","msg":"Storage service initialized with provider: in-memory"}
{"level":30,"time":1778774729494,"env":"development","version":"2.6.5","pid":30694,"applicationName":"@cyanheads/git-mcp-server","applicationVersion":"2.6.5","nodeEnvironment":"development","requestId":"IBOWV-RL4WK","timestamp":"2026-05-14T16:05:29.494Z","operation":"ServerStartup","msg":"Starting @cyanheads/git-mcp-server (v2.6.5)..."}
{"level":30,"time":1778774729494,"env":"development","version":"2.6.5","pid":30694,"transport":"stdio","requestId":"SWOR5-QLG48","timestamp":"2026-05-14T16:05:29.494Z","operation":"TransportManager.start","msg":"Starting transport: stdio"}
{"level":30,"time":1778774729494,"env":"development","version":"2.6.5","pid":30694,"requestId":"MNGLE-66DY2","timestamp":"2026-05-14T16:05:29.494Z","operation":"createMcpServerInstance","msg":"Initializing MCP server instance"}
{"level":20,"time":1778774729494,"env":"development","version":"2.6.5","pid":30694,"requestId":"FY4IF-WN30I","timestamp":"2026-05-14T16:05:29.494Z","newConfigState":{"appName":"@cyanheads/git-mcp-server","appVersion":"2.6.5","environment":"development"},"operation":"RequestContextService.configure","msg":"RequestContextService configuration updated"}
{"level":20,"time":1778774729505,"env":"development","version":"2.6.5","pid":30694,"requestId":"MNGLE-66DY2","timestamp":"2026-05-14T16:05:29.494Z","operation":"createMcpServerInstance","msg":"Registering all MCP capabilities via registries..."}
{"level":30,"time":1778774729506,"env":"development","version":"2.6.5","pid":30694,"requestId":"6DVQ7-6OJ2T","timestamp":"2026-05-14T16:05:29.506Z","operation":"ToolRegistry.registerAll","msg":"Registering 27 tool(s)..."}
{"level":20,"time":1778774729506,"env":"development","version":"2.6.5","pid":30694,"toolName":"git_add","requestId":"LMBJR-V03SR","timestamp":"2026-05-14T16:05:29.506Z","operation":"ToolRegistry.registerTool","msg":"Registering tool: 'git_add'"}
{"level":30,"time":1778774729506,"env":"development","version":"2.6.5","pid":30694,"toolName":"git_add","requestId":"LMBJR-V03SR","timestamp":"2026-05-14T16:05:29.506Z","operation":"ToolRegistry.registerTool","msg":"Tool 'git_add' registered successfully."}
{"level":20,"time":1778774729506,"env":"development","version":"2.6.5","pid":30694,"toolName":"git_blame","requestId":"KPBQ1-08QHC","timestamp":"2026-05-14T16:05:29.506Z","operation":"ToolRegistry.registerTool","msg":"Registering tool: 'git_blame'"}
{"level":30,"time":1778774729506,"env":"development","version":"2.6.5","pid":30694,"toolName":"git_blame","requestId":"KPBQ1-08QHC","timestamp":"2026-05-14T16:05:29.506Z","operation":"ToolRegistry.registerTool","msg":"Tool 'git_blame' registered successfully."}
{"level":20,"time":1778774729506,"env":"development","version":"2.6.5","pid":30694,"toolName":"git_branch","requestId":"S2FFU-ONZCM","timestamp":"2026-05-14T16:05:29.506Z","operation":"ToolRegistry.registerTool","msg":"Registering tool: 'git_branch'"}
{"level":30,"time":1778774729506,"env":"development","version":"2.6.5","pid":30694,"toolName":"git_branch","requestId":"S2FFU-ONZCM","timestamp":"2026-05-14T16:05:29.506Z","operation":"ToolRegistry.registerTool","msg":"Tool 'git_branch' registered successfully."}
{"level":20,"time":1778774729506,"env":"development","version":"2.6.5","pid":30694,"toolName":"git_checkout","requestId":"E4IWZ-FP7X3","timestamp":"2026-05-14T16:05:29.506Z","operation":"ToolRegistry.registerTool","msg":"Registering tool: 'git_checkout'"}
{"level":30,"time":1778774729506,"env":"development","version":"2.6.5","pid":30694,"toolName":"git_checkout","requestId":"E4IWZ-FP7X3","timestamp":"2026-05-14T16:05:29.506Z","operation":"ToolRegistry.registerTool","msg":"Tool 'git_checkout' registered successfully."}
{"level":20,"time":1778774729506,"env":"development","version":"2.6.5","pid":30694,"toolName":"git_cherry_pick","requestId":"9XQEK-UYE97","timestamp":"2026-05-14T16:05:29.506Z","operation":"ToolRegistry.registerTool","msg":"Registering tool: 'git_cherry_pick'"}
{"level":30,"time":1778774729506,"env":"development","version":"2.6.5","pid":30694,"toolName":"git_cherry_pick","requestId":"9XQEK-UYE97","timestamp":"2026-05-14T16:05:29.506Z","operation":"ToolRegistry.registerTool","msg":"Tool 'git_cherry_pick' registered successfully."}
{"level":20,"time":1778774729506,"env":"development","version":"2.6.5","pid":30694,"toolName":"git_clean","requestId":"01ZB6-AOEG4","timestamp":"2026-05-14T16:05:29.506Z","operation":"ToolRegistry.registerTool","msg":"Registering tool: 'git_clean'"}
{"level":30,"time":1778774729506,"env":"development","version":"2.6.5","pid":30694,"toolName":"git_clean","requestId":"01ZB6-AOEG4","timestamp":"2026-05-14T16:05:29.506Z","operation":"ToolRegistry.registerTool","msg":"Tool 'git_clean' registered successfully."}
{"level":20,"time":1778774729506,"env":"development","version":"2.6.5","pid":30694,"toolName":"git_clear_working_dir","requestId":"COTET-2KZSE","timestamp":"2026-05-14T16:05:29.506Z","operation":"ToolRegistry.registerTool","msg":"Registering tool: 'git_clear_working_dir'"}
{"level":30,"time":1778774729507,"env":"development","version":"2.6.5","pid":30694,"toolName":"git_clear_working_dir","requestId":"COTET-2KZSE","timestamp":"2026-05-14T16:05:29.506Z","operation":"ToolRegistry.registerTool","msg":"Tool 'git_clear_working_dir' registered successfully."}
{"level":20,"time":1778774729507,"env":"development","version":"2.6.5","pid":30694,"toolName":"git_clone","requestId":"FYC0U-5WYQO","timestamp":"2026-05-14T16:05:29.507Z","operation":"ToolRegistry.registerTool","msg":"Registering tool: 'git_clone'"}
{"level":30,"time":1778774729507,"env":"development","version":"2.6.5","pid":30694,"toolName":"git_clone","requestId":"FYC0U-5WYQO","timestamp":"2026-05-14T16:05:29.507Z","operation":"ToolRegistry.registerTool","msg":"Tool 'git_clone' registered successfully."}
{"level":20,"time":1778774729507,"env":"development","version":"2.6.5","pid":30694,"toolName":"git_commit","requestId":"QVLBK-H2O9B","timestamp":"2026-05-14T16:05:29.507Z","operation":"ToolRegistry.registerTool","msg":"Registering tool: 'git_commit'"}
{"level":30,"time":1778774729507,"env":"development","version":"2.6.5","pid":30694,"toolName":"git_commit","requestId":"QVLBK-H2O9B","timestamp":"2026-05-14T16:05:29.507Z","operation":"ToolRegistry.registerTool","msg":"Tool 'git_commit' registered successfully."}
{"level":20,"time":1778774729507,"env":"development","version":"2.6.5","pid":30694,"toolName":"git_diff","requestId":"1HKQ0-K71NU","timestamp":"2026-05-14T16:05:29.507Z","operation":"ToolRegistry.registerTool","msg":"Registering tool: 'git_diff'"}
{"level":30,"time":1778774729507,"env":"development","version":"2.6.5","pid":30694,"toolName":"git_diff","requestId":"1HKQ0-K71NU","timestamp":"2026-05-14T16:05:29.507Z","operation":"ToolRegistry.registerTool","msg":"Tool 'git_diff' registered successfully."}
{"level":20,"time":1778774729507,"env":"development","version":"2.6.5","pid":30694,"toolName":"git_fetch","requestId":"VU612-VFIWG","timestamp":"2026-05-14T16:05:29.507Z","operation":"ToolRegistry.registerTool","msg":"Registering tool: 'git_fetch'"}
{"level":30,"time":1778774729507,"env":"development","version":"2.6.5","pid":30694,"toolName":"git_fetch","requestId":"VU612-VFIWG","timestamp":"2026-05-14T16:05:29.507Z","operation":"ToolRegistry.registerTool","msg":"Tool 'git_fetch' registered successfully."}
{"level":20,"time":1778774729507,"env":"development","version":"2.6.5","pid":30694,"toolName":"git_init","requestId":"0PC61-WJ2FT","timestamp":"2026-05-14T16:05:29.507Z","operation":"ToolRegistry.registerTool","msg":"Registering tool: 'git_init'"}
{"level":30,"time":1778774729507,"env":"development","version":"2.6.5","pid":30694,"toolName":"git_init","requestId":"0PC61-WJ2FT","timestamp":"2026-05-14T16:05:29.507Z","operation":"ToolRegistry.registerTool","msg":"Tool 'git_init' registered successfully."}
{"level":20,"time":1778774729507,"env":"development","version":"2.6.5","pid":30694,"toolName":"git_log","requestId":"AEOG0-3JKVY","timestamp":"2026-05-14T16:05:29.507Z","operation":"ToolRegistry.registerTool","msg":"Registering tool: 'git_log'"}
{"level":30,"time":1778774729507,"env":"development","version":"2.6.5","pid":30694,"toolName":"git_log","requestId":"AEOG0-3JKVY","timestamp":"2026-05-14T16:05:29.507Z","operation":"ToolRegistry.registerTool","msg":"Tool 'git_log' registered successfully."}
{"level":20,"time":1778774729507,"env":"development","version":"2.6.5","pid":30694,"toolName":"git_merge","requestId":"WJAKR-155F0","timestamp":"2026-05-14T16:05:29.507Z","operation":"ToolRegistry.registerTool","msg":"Registering tool: 'git_merge'"}
{"level":30,"time":1778774729507,"env":"development","version":"2.6.5","pid":30694,"toolName":"git_merge","requestId":"WJAKR-155F0","timestamp":"2026-05-14T16:05:29.507Z","operation":"ToolRegistry.registerTool","msg":"Tool 'git_merge' registered successfully."}
{"level":20,"time":1778774729507,"env":"development","version":"2.6.5","pid":30694,"toolName":"git_pull","requestId":"16UMX-AGNBH","timestamp":"2026-05-14T16:05:29.507Z","operation":"ToolRegistry.registerTool","msg":"Registering tool: 'git_pull'"}
{"level":30,"time":1778774729507,"env":"development","version":"2.6.5","pid":30694,"toolName":"git_pull","requestId":"16UMX-AGNBH","timestamp":"2026-05-14T16:05:29.507Z","operation":"ToolRegistry.registerTool","msg":"Tool 'git_pull' registered successfully."}
{"level":20,"time":1778774729507,"env":"development","version":"2.6.5","pid":30694,"toolName":"git_push","requestId":"BOIIH-C31OX","timestamp":"2026-05-14T16:05:29.507Z","operation":"ToolRegistry.registerTool","msg":"Registering tool: 'git_push'"}
{"level":30,"time":1778774729507,"env":"development","version":"2.6.5","pid":30694,"toolName":"git_push","requestId":"BOIIH-C31OX","timestamp":"2026-05-14T16:05:29.507Z","operation":"ToolRegistry.registerTool","msg":"Tool 'git_push' registered successfully."}
{"level":20,"time":1778774729507,"env":"development","version":"2.6.5","pid":30694,"toolName":"git_rebase","requestId":"W4JSK-8RODP","timestamp":"2026-05-14T16:05:29.507Z","operation":"ToolRegistry.registerTool","msg":"Registering tool: 'git_rebase'"}
{"level":30,"time":1778774729507,"env":"development","version":"2.6.5","pid":30694,"toolName":"git_rebase","requestId":"W4JSK-8RODP","timestamp":"2026-05-14T16:05:29.507Z","operation":"ToolRegistry.registerTool","msg":"Tool 'git_rebase' registered successfully."}
{"level":20,"time":1778774729507,"env":"development","version":"2.6.5","pid":30694,"toolName":"git_reflog","requestId":"65ZQ3-4RJFJ","timestamp":"2026-05-14T16:05:29.507Z","operation":"ToolRegistry.registerTool","msg":"Registering tool: 'git_reflog'"}
{"level":30,"time":1778774729507,"env":"development","version":"2.6.5","pid":30694,"toolName":"git_reflog","requestId":"65ZQ3-4RJFJ","timestamp":"2026-05-14T16:05:29.507Z","operation":"ToolRegistry.registerTool","msg":"Tool 'git_reflog' registered successfully."}
{"level":20,"time":1778774729507,"env":"development","version":"2.6.5","pid":30694,"toolName":"git_remote","requestId":"7BNFA-WW173","timestamp":"2026-05-14T16:05:29.507Z","operation":"ToolRegistry.registerTool","msg":"Registering tool: 'git_remote'"}
{"level":30,"time":1778774729507,"env":"development","version":"2.6.5","pid":30694,"toolName":"git_remote","requestId":"7BNFA-WW173","timestamp":"2026-05-14T16:05:29.507Z","operation":"ToolRegistry.registerTool","msg":"Tool 'git_remote' registered successfully."}
{"level":20,"time":1778774729507,"env":"development","version":"2.6.5","pid":30694,"toolName":"git_reset","requestId":"WRFWP-ACB2B","timestamp":"2026-05-14T16:05:29.507Z","operation":"ToolRegistry.registerTool","msg":"Registering tool: 'git_reset'"}
{"level":30,"time":1778774729507,"env":"development","version":"2.6.5","pid":30694,"toolName":"git_reset","requestId":"WRFWP-ACB2B","timestamp":"2026-05-14T16:05:29.507Z","operation":"ToolRegistry.registerTool","msg":"Tool 'git_reset' registered successfully."}
{"level":20,"time":1778774729507,"env":"development","version":"2.6.5","pid":30694,"toolName":"git_set_working_dir","requestId":"3QR28-C75JL","timestamp":"2026-05-14T16:05:29.507Z","operation":"ToolRegistry.registerTool","msg":"Registering tool: 'git_set_working_dir'"}
{"level":30,"time":1778774729507,"env":"development","version":"2.6.5","pid":30694,"toolName":"git_set_working_dir","requestId":"3QR28-C75JL","timestamp":"2026-05-14T16:05:29.507Z","operation":"ToolRegistry.registerTool","msg":"Tool 'git_set_working_dir' registered successfully."}
{"level":20,"time":1778774729507,"env":"development","version":"2.6.5","pid":30694,"toolName":"git_show","requestId":"Y9IFH-9GVG9","timestamp":"2026-05-14T16:05:29.507Z","operation":"ToolRegistry.registerTool","msg":"Registering tool: 'git_show'"}
{"level":30,"time":1778774729507,"env":"development","version":"2.6.5","pid":30694,"toolName":"git_show","requestId":"Y9IFH-9GVG9","timestamp":"2026-05-14T16:05:29.507Z","operation":"ToolRegistry.registerTool","msg":"Tool 'git_show' registered successfully."}
{"level":20,"time":1778774729507,"env":"development","version":"2.6.5","pid":30694,"toolName":"git_stash","requestId":"Q2ZFE-JFSTL","timestamp":"2026-05-14T16:05:29.507Z","operation":"ToolRegistry.registerTool","msg":"Registering tool: 'git_stash'"}
{"level":30,"time":1778774729507,"env":"development","version":"2.6.5","pid":30694,"toolName":"git_stash","requestId":"Q2ZFE-JFSTL","timestamp":"2026-05-14T16:05:29.507Z","operation":"ToolRegistry.registerTool","msg":"Tool 'git_stash' registered successfully."}
{"level":20,"time":1778774729507,"env":"development","version":"2.6.5","pid":30694,"toolName":"git_status","requestId":"DMHQ8-YAA9U","timestamp":"2026-05-14T16:05:29.507Z","operation":"ToolRegistry.registerTool","msg":"Registering tool: 'git_status'"}
{"level":30,"time":1778774729507,"env":"development","version":"2.6.5","pid":30694,"toolName":"git_status","requestId":"DMHQ8-YAA9U","timestamp":"2026-05-14T16:05:29.507Z","operation":"ToolRegistry.registerTool","msg":"Tool 'git_status' registered successfully."}
{"level":20,"time":1778774729507,"env":"development","version":"2.6.5","pid":30694,"toolName":"git_tag","requestId":"AX1RV-QOM3C","timestamp":"2026-05-14T16:05:29.507Z","operation":"ToolRegistry.registerTool","msg":"Registering tool: 'git_tag'"}
{"level":30,"time":1778774729507,"env":"development","version":"2.6.5","pid":30694,"toolName":"git_tag","requestId":"AX1RV-QOM3C","timestamp":"2026-05-14T16:05:29.507Z","operation":"ToolRegistry.registerTool","msg":"Tool 'git_tag' registered successfully."}
{"level":20,"time":1778774729507,"env":"development","version":"2.6.5","pid":30694,"toolName":"git_worktree","requestId":"3GI9Q-5Z8RI","timestamp":"2026-05-14T16:05:29.507Z","operation":"ToolRegistry.registerTool","msg":"Registering tool: 'git_worktree'"}
{"level":30,"time":1778774729507,"env":"development","version":"2.6.5","pid":30694,"toolName":"git_worktree","requestId":"3GI9Q-5Z8RI","timestamp":"2026-05-14T16:05:29.507Z","operation":"ToolRegistry.registerTool","msg":"Tool 'git_worktree' registered successfully."}
{"level":20,"time":1778774729507,"env":"development","version":"2.6.5","pid":30694,"toolName":"git_wrapup_instructions","requestId":"HA8T0-UO6FN","timestamp":"2026-05-14T16:05:29.507Z","operation":"ToolRegistry.registerTool","msg":"Registering tool: 'git_wrapup_instructions'"}
{"level":30,"time":1778774729507,"env":"development","version":"2.6.5","pid":30694,"toolName":"git_wrapup_instructions","requestId":"HA8T0-UO6FN","timestamp":"2026-05-14T16:05:29.507Z","operation":"ToolRegistry.registerTool","msg":"Tool 'git_wrapup_instructions' registered successfully."}
{"level":30,"time":1778774729507,"env":"development","version":"2.6.5","pid":30694,"requestId":"4MQO4-HOLSP","timestamp":"2026-05-14T16:05:29.507Z","operation":"ResourceRegistry.registerAll","msg":"Registering 1 resource(s)..."}
{"level":30,"time":1778774729508,"env":"development","version":"2.6.5","pid":30694,"requestId":"YQBLN-J14YE","timestamp":"2026-05-14T16:05:29.508Z","resourceName":"git-working-directory","operation":"RegisterResource","msg":"Registering resource: 'git-working-directory'"}
{"level":30,"time":1778774729508,"env":"development","version":"2.6.5","pid":30694,"requestId":"YQBLN-J14YE","timestamp":"2026-05-14T16:05:29.508Z","resourceName":"git-working-directory","operation":"RegisterResource","msg":"Resource 'git-working-directory' registered successfully."}
{"level":20,"time":1778774729508,"env":"development","version":"2.6.5","pid":30694,"requestId":"3582P-1LE1F","timestamp":"2026-05-14T16:05:29.508Z","operation":"PromptRegistry.registerAll","msg":"Registering 1 prompts..."}
{"level":20,"time":1778774729508,"env":"development","version":"2.6.5","pid":30694,"requestId":"3582P-1LE1F","timestamp":"2026-05-14T16:05:29.508Z","operation":"PromptRegistry.registerAll","msg":"Registering prompt: git_wrapup"}
{"level":30,"time":1778774729508,"env":"development","version":"2.6.5","pid":30694,"requestId":"3582P-1LE1F","timestamp":"2026-05-14T16:05:29.508Z","operation":"PromptRegistry.registerAll","msg":"Registered prompt: git_wrapup"}
{"level":30,"time":1778774729509,"env":"development","version":"2.6.5","pid":30694,"requestId":"3582P-1LE1F","timestamp":"2026-05-14T16:05:29.508Z","operation":"PromptRegistry.registerAll","msg":"Successfully registered 1 prompts"}
{"level":20,"time":1778774729509,"env":"development","version":"2.6.5","pid":30694,"requestId":"PN84U-Q5S1W","timestamp":"2026-05-14T16:05:29.509Z","operation":"RootsRegistry.registerAll","msg":"Roots capability enabled (client-provided roots)"}
{"level":30,"time":1778774729509,"env":"development","version":"2.6.5","pid":30694,"requestId":"PN84U-Q5S1W","timestamp":"2026-05-14T16:05:29.509Z","operation":"RootsRegistry.registerAll","msg":"Roots capability registered successfully"}
{"level":30,"time":1778774729509,"env":"development","version":"2.6.5","pid":30694,"requestId":"MNGLE-66DY2","timestamp":"2026-05-14T16:05:29.494Z","operation":"createMcpServerInstance","msg":"All MCP capabilities registered successfully"}
{"level":30,"time":1778774729509,"env":"development","version":"2.6.5","pid":30694,"transport":"stdio","requestId":"SWOR5-QLG48","timestamp":"2026-05-14T16:05:29.494Z","operation":"connectStdioTransport","transportType":"Stdio","msg":"Attempting to connect stdio transport..."}
{"level":20,"time":1778774729509,"env":"development","version":"2.6.5","pid":30694,"transport":"stdio","requestId":"SWOR5-QLG48","timestamp":"2026-05-14T16:05:29.494Z","operation":"connectStdioTransport","transportType":"Stdio","msg":"Creating StdioServerTransport instance..."}
{"level":20,"time":1778774729509,"env":"development","version":"2.6.5","pid":30694,"transport":"stdio","requestId":"SWOR5-QLG48","timestamp":"2026-05-14T16:05:29.494Z","operation":"connectStdioTransport","transportType":"Stdio","msg":"Connecting McpServer instance to StdioServerTransport..."}
{"level":30,"time":1778774729509,"env":"development","version":"2.6.5","pid":30694,"transport":"stdio","requestId":"SWOR5-QLG48","timestamp":"2026-05-14T16:05:29.494Z","operation":"connectStdioTransport","transportType":"Stdio","msg":"MCP Server connected and listening via stdio transport."}
{"level":30,"time":1778774729509,"env":"development","version":"2.6.5","pid":30694,"applicationName":"@cyanheads/git-mcp-server","applicationVersion":"2.6.5","nodeEnvironment":"development","requestId":"IBOWV-RL4WK","timestamp":"2026-05-14T16:05:29.494Z","operation":"ServerStartup","msg":"@cyanheads/git-mcp-server is now running and ready."}
{"level":30,"time":1778774730353,"env":"development","version":"2.6.5","pid":30971,"requestId":"NDIKY-YLOFD","timestamp":"2026-05-14T16:05:30.351Z","operation":"loggerInit","msg":"Logger initialized. MCP level: debug."}
{"level":30,"time":1778774730353,"env":"development","version":"2.6.5","pid":30971,"requestId":"WJKUB-TZVT2","timestamp":"2026-05-14T16:05:30.353Z","operation":"LoggerInit","msg":"Logger initialized. Effective MCP logging level: debug."}
{"level":30,"time":1778774730353,"env":"development","version":"2.6.5","pid":30971,"runtime":"node","runtimeVersion":"Node.js 25.8.1","requestId":"TATRV-QV1ZY","timestamp":"2026-05-14T16:05:30.353Z","operation":"RuntimeDetection","msg":"Runtime detected: Node.js 25.8.1"}
{"level":30,"time":1778774730353,"env":"development","version":"2.6.5","pid":30971,"requestId":"FUVOK-9017U","timestamp":"2026-05-14T16:05:30.353Z","operation":"StorageInit","msg":"Storage service initialized with provider: in-memory"}
{"level":30,"time":1778774730354,"env":"development","version":"2.6.5","pid":30971,"applicationName":"@cyanheads/git-mcp-server","applicationVersion":"2.6.5","nodeEnvironment":"development","requestId":"PQA2L-IB4O3","timestamp":"2026-05-14T16:05:30.354Z","operation":"ServerStartup","msg":"Starting @cyanheads/git-mcp-server (v2.6.5)..."}
{"level":30,"time":1778774730354,"env":"development","version":"2.6.5","pid":30971,"transport":"stdio","requestId":"TUFQM-SI6KM","timestamp":"2026-05-14T16:05:30.354Z","operation":"TransportManager.start","msg":"Starting transport: stdio"}
{"level":30,"time":1778774730354,"env":"development","version":"2.6.5","pid":30971,"requestId":"6Y7ZY-5GHJO","timestamp":"2026-05-14T16:05:30.354Z","operation":"createMcpServerInstance","msg":"Initializing MCP server instance"}
{"level":20,"time":1778774730354,"env":"development","version":"2.6.5","pid":30971,"requestId":"AI6UA-JILSV","timestamp":"2026-05-14T16:05:30.354Z","newConfigState":{"appName":"@cyanheads/git-mcp-server","appVersion":"2.6.5","environment":"development"},"operation":"RequestContextService.configure","msg":"RequestContextService configuration updated"}
{"level":20,"time":1778774730357,"env":"development","version":"2.6.5","pid":30971,"requestId":"6Y7ZY-5GHJO","timestamp":"2026-05-14T16:05:30.354Z","operation":"createMcpServerInstance","msg":"Registering all MCP capabilities via registries..."}
{"level":30,"time":1778774730357,"env":"development","version":"2.6.5","pid":30971,"requestId":"6XTI0-0Y2OL","timestamp":"2026-05-14T16:05:30.357Z","operation":"ToolRegistry.registerAll","msg":"Registering 27 tool(s)..."}
{"level":20,"time":1778774730357,"env":"development","version":"2.6.5","pid":30971,"toolName":"git_add","requestId":"X2HYC-P9VYK","timestamp":"2026-05-14T16:05:30.357Z","operation":"ToolRegistry.registerTool","msg":"Registering tool: 'git_add'"}
{"level":30,"time":1778774730358,"env":"development","version":"2.6.5","pid":30971,"toolName":"git_add","requestId":"X2HYC-P9VYK","timestamp":"2026-05-14T16:05:30.357Z","operation":"ToolRegistry.registerTool","msg":"Tool 'git_add' registered successfully."}
{"level":20,"time":1778774730358,"env":"development","version":"2.6.5","pid":30971,"toolName":"git_blame","requestId":"JBHZX-XATDY","timestamp":"2026-05-14T16:05:30.358Z","operation":"ToolRegistry.registerTool","msg":"Registering tool: 'git_blame'"}
{"level":30,"time":1778774730358,"env":"development","version":"2.6.5","pid":30971,"toolName":"git_blame","requestId":"JBHZX-XATDY","timestamp":"2026-05-14T16:05:30.358Z","operation":"ToolRegistry.registerTool","msg":"Tool 'git_blame' registered successfully."}
{"level":20,"time":1778774730358,"env":"development","version":"2.6.5","pid":30971,"toolName":"git_branch","requestId":"0XSIV-TSR31","timestamp":"2026-05-14T16:05:30.358Z","operation":"ToolRegistry.registerTool","msg":"Registering tool: 'git_branch'"}
{"level":30,"time":1778774730358,"env":"development","version":"2.6.5","pid":30971,"toolName":"git_branch","requestId":"0XSIV-TSR31","timestamp":"2026-05-14T16:05:30.358Z","operation":"ToolRegistry.registerTool","msg":"Tool 'git_branch' registered successfully."}
{"level":20,"time":1778774730358,"env":"development","version":"2.6.5","pid":30971,"toolName":"git_checkout","requestId":"Z80Y4-A8QBN","timestamp":"2026-05-14T16:05:30.358Z","operation":"ToolRegistry.registerTool","msg":"Registering tool: 'git_checkout'"}
{"level":30,"time":1778774730358,"env":"development","version":"2.6.5","pid":30971,"toolName":"git_checkout","requestId":"Z80Y4-A8QBN","timestamp":"2026-05-14T16:05:30.358Z","operation":"ToolRegistry.registerTool","msg":"Tool 'git_checkout' registered successfully."}
{"level":20,"time":1778774730358,"env":"development","version":"2.6.5","pid":30971,"toolName":"git_cherry_pick","requestId":"1W891-XIECT","timestamp":"2026-05-14T16:05:30.358Z","operation":"ToolRegistry.registerTool","msg":"Registering tool: 'git_cherry_pick'"}
{"level":30,"time":1778774730358,"env":"development","version":"2.6.5","pid":30971,"toolName":"git_cherry_pick","requestId":"1W891-XIECT","timestamp":"2026-05-14T16:05:30.358Z","operation":"ToolRegistry.registerTool","msg":"Tool 'git_cherry_pick' registered successfully."}
{"level":20,"time":1778774730358,"env":"development","version":"2.6.5","pid":30971,"toolName":"git_clean","requestId":"2IO1X-4HM0K","timestamp":"2026-05-14T16:05:30.358Z","operation":"ToolRegistry.registerTool","msg":"Registering tool: 'git_clean'"}
{"level":30,"time":1778774730358,"env":"development","version":"2.6.5","pid":30971,"toolName":"git_clean","requestId":"2IO1X-4HM0K","timestamp":"2026-05-14T16:05:30.358Z","operation":"ToolRegistry.registerTool","msg":"Tool 'git_clean' registered successfully."}
{"level":20,"time":1778774730358,"env":"development","version":"2.6.5","pid":30971,"toolName":"git_clear_working_dir","requestId":"T0COC-Q3X3K","timestamp":"2026-05-14T16:05:30.358Z","operation":"ToolRegistry.registerTool","msg":"Registering tool: 'git_clear_working_dir'"}
{"level":30,"time":1778774730358,"env":"development","version":"2.6.5","pid":30971,"toolName":"git_clear_working_dir","requestId":"T0COC-Q3X3K","timestamp":"2026-05-14T16:05:30.358Z","operation":"ToolRegistry.registerTool","msg":"Tool 'git_clear_working_dir' registered successfully."}
{"level":20,"time":1778774730358,"env":"development","version":"2.6.5","pid":30971,"toolName":"git_clone","requestId":"60YHX-CY07Q","timestamp":"2026-05-14T16:05:30.358Z","operation":"ToolRegistry.registerTool","msg":"Registering tool: 'git_clone'"}
{"level":30,"time":1778774730358,"env":"development","version":"2.6.5","pid":30971,"toolName":"git_clone","requestId":"60YHX-CY07Q","timestamp":"2026-05-14T16:05:30.358Z","operation":"ToolRegistry.registerTool","msg":"Tool 'git_clone' registered successfully."}
{"level":20,"time":1778774730358,"env":"development","version":"2.6.5","pid":30971,"toolName":"git_commit","requestId":"F7OJ2-BNRCY","timestamp":"2026-05-14T16:05:30.358Z","operation":"ToolRegistry.registerTool","msg":"Registering tool: 'git_commit'"}
{"level":30,"time":1778774730358,"env":"development","version":"2.6.5","pid":30971,"toolName":"git_commit","requestId":"F7OJ2-BNRCY","timestamp":"2026-05-14T16:05:30.358Z","operation":"ToolRegistry.registerTool","msg":"Tool 'git_commit' registered successfully."}
{"level":20,"time":1778774730358,"env":"development","version":"2.6.5","pid":30971,"toolName":"git_diff","requestId":"KLE6H-86BN7","timestamp":"2026-05-14T16:05:30.358Z","operation":"ToolRegistry.registerTool","msg":"Registering tool: 'git_diff'"}
{"level":30,"time":1778774730358,"env":"development","version":"2.6.5","pid":30971,"toolName":"git_diff","requestId":"KLE6H-86BN7","timestamp":"2026-05-14T16:05:30.358Z","operation":"ToolRegistry.registerTool","msg":"Tool 'git_diff' registered successfully."}
{"level":20,"time":1778774730358,"env":"development","version":"2.6.5","pid":30971,"toolName":"git_fetch","requestId":"Y6XAZ-B5LU0","timestamp":"2026-05-14T16:05:30.358Z","operation":"ToolRegistry.registerTool","msg":"Registering tool: 'git_fetch'"}
{"level":30,"time":1778774730358,"env":"development","version":"2.6.5","pid":30971,"toolName":"git_fetch","requestId":"Y6XAZ-B5LU0","timestamp":"2026-05-14T16:05:30.358Z","operation":"ToolRegistry.registerTool","msg":"Tool 'git_fetch' registered successfully."}
{"level":20,"time":1778774730358,"env":"development","version":"2.6.5","pid":30971,"toolName":"git_init","requestId":"0D6AT-CLCM2","timestamp":"2026-05-14T16:05:30.358Z","operation":"ToolRegistry.registerTool","msg":"Registering tool: 'git_init'"}
{"level":30,"time":1778774730358,"env":"development","version":"2.6.5","pid":30971,"toolName":"git_init","requestId":"0D6AT-CLCM2","timestamp":"2026-05-14T16:05:30.358Z","operation":"ToolRegistry.registerTool","msg":"Tool 'git_init' registered successfully."}
{"level":20,"time":1778774730358,"env":"development","version":"2.6.5","pid":30971,"toolName":"git_log","requestId":"YF6N6-5Z6H1","timestamp":"2026-05-14T16:05:30.358Z","operation":"ToolRegistry.registerTool","msg":"Registering tool: 'git_log'"}
{"level":30,"time":1778774730358,"env":"development","version":"2.6.5","pid":30971,"toolName":"git_log","requestId":"YF6N6-5Z6H1","timestamp":"2026-05-14T16:05:30.358Z","operation":"ToolRegistry.registerTool","msg":"Tool 'git_log' registered successfully."}
{"level":20,"time":1778774730358,"env":"development","version":"2.6.5","pid":30971,"toolName":"git_merge","requestId":"5DY00-UY8HS","timestamp":"2026-05-14T16:05:30.358Z","operation":"ToolRegistry.registerTool","msg":"Registering tool: 'git_merge'"}
{"level":30,"time":1778774730358,"env":"development","version":"2.6.5","pid":30971,"toolName":"git_merge","requestId":"5DY00-UY8HS","timestamp":"2026-05-14T16:05:30.358Z","operation":"ToolRegistry.registerTool","msg":"Tool 'git_merge' registered successfully."}
{"level":20,"time":1778774730358,"env":"development","version":"2.6.5","pid":30971,"toolName":"git_pull","requestId":"4Q6U0-0S5K8","timestamp":"2026-05-14T16:05:30.358Z","operation":"ToolRegistry.registerTool","msg":"Registering tool: 'git_pull'"}
{"level":30,"time":1778774730358,"env":"development","version":"2.6.5","pid":30971,"toolName":"git_pull","requestId":"4Q6U0-0S5K8","timestamp":"2026-05-14T16:05:30.358Z","operation":"ToolRegistry.registerTool","msg":"Tool 'git_pull' registered successfully."}
{"level":20,"time":1778774730358,"env":"development","version":"2.6.5","pid":30971,"toolName":"git_push","requestId":"08U4Y-WJKRY","timestamp":"2026-05-14T16:05:30.358Z","operation":"ToolRegistry.registerTool","msg":"Registering tool: 'git_push'"}
{"level":30,"time":1778774730358,"env":"development","version":"2.6.5","pid":30971,"toolName":"git_push","requestId":"08U4Y-WJKRY","timestamp":"2026-05-14T16:05:30.358Z","operation":"ToolRegistry.registerTool","msg":"Tool 'git_push' registered successfully."}
{"level":20,"time":1778774730358,"env":"development","version":"2.6.5","pid":30971,"toolName":"git_rebase","requestId":"I28LN-XYL2A","timestamp":"2026-05-14T16:05:30.358Z","operation":"ToolRegistry.registerTool","msg":"Registering tool: 'git_rebase'"}
{"level":30,"time":1778774730358,"env":"development","version":"2.6.5","pid":30971,"toolName":"git_rebase","requestId":"I28LN-XYL2A","timestamp":"2026-05-14T16:05:30.358Z","operation":"ToolRegistry.registerTool","msg":"Tool 'git_rebase' registered successfully."}
{"level":20,"time":1778774730358,"env":"development","version":"2.6.5","pid":30971,"toolName":"git_reflog","requestId":"RXAXE-K9HM0","timestamp":"2026-05-14T16:05:30.358Z","operation":"ToolRegistry.registerTool","msg":"Registering tool: 'git_reflog'"}
{"level":30,"time":1778774730358,"env":"development","version":"2.6.5","pid":30971,"toolName":"git_reflog","requestId":"RXAXE-K9HM0","timestamp":"2026-05-14T16:05:30.358Z","operation":"ToolRegistry.registerTool","msg":"Tool 'git_reflog' registered successfully."}
{"level":20,"time":1778774730359,"env":"development","version":"2.6.5","pid":30971,"toolName":"git_remote","requestId":"QO3SH-R0UMQ","timestamp":"2026-05-14T16:05:30.359Z","operation":"ToolRegistry.registerTool","msg":"Registering tool: 'git_remote'"}
{"level":30,"time":1778774730359,"env":"development","version":"2.6.5","pid":30971,"toolName":"git_remote","requestId":"QO3SH-R0UMQ","timestamp":"2026-05-14T16:05:30.359Z","operation":"ToolRegistry.registerTool","msg":"Tool 'git_remote' registered successfully."}
{"level":20,"time":1778774730359,"env":"development","version":"2.6.5","pid":30971,"toolName":"git_reset","requestId":"VIA2Y-K1SRF","timestamp":"2026-05-14T16:05:30.359Z","operation":"ToolRegistry.registerTool","msg":"Registering tool: 'git_reset'"}
{"level":30,"time":1778774730359,"env":"development","version":"2.6.5","pid":30971,"toolName":"git_reset","requestId":"VIA2Y-K1SRF","timestamp":"2026-05-14T16:05:30.359Z","operation":"ToolRegistry.registerTool","msg":"Tool 'git_reset' registered successfully."}
{"level":20,"time":1778774730359,"env":"development","version":"2.6.5","pid":30971,"toolName":"git_set_working_dir","requestId":"7YJK1-IA90O","timestamp":"2026-05-14T16:05:30.359Z","operation":"ToolRegistry.registerTool","msg":"Registering tool: 'git_set_working_dir'"}
{"level":30,"time":1778774730359,"env":"development","version":"2.6.5","pid":30971,"toolName":"git_set_working_dir","requestId":"7YJK1-IA90O","timestamp":"2026-05-14T16:05:30.359Z","operation":"ToolRegistry.registerTool","msg":"Tool 'git_set_working_dir' registered successfully."}
{"level":20,"time":1778774730359,"env":"development","version":"2.6.5","pid":30971,"toolName":"git_show","requestId":"J8C4Q-W6PT8","timestamp":"2026-05-14T16:05:30.359Z","operation":"ToolRegistry.registerTool","msg":"Registering tool: 'git_show'"}
{"level":30,"time":1778774730359,"env":"development","version":"2.6.5","pid":30971,"toolName":"git_show","requestId":"J8C4Q-W6PT8","timestamp":"2026-05-14T16:05:30.359Z","operation":"ToolRegistry.registerTool","msg":"Tool 'git_show' registered successfully."}
{"level":20,"time":1778774730359,"env":"development","version":"2.6.5","pid":30971,"toolName":"git_stash","requestId":"LP6J6-3A4NY","timestamp":"2026-05-14T16:05:30.359Z","operation":"ToolRegistry.registerTool","msg":"Registering tool: 'git_stash'"}
{"level":30,"time":1778774730359,"env":"development","version":"2.6.5","pid":30971,"toolName":"git_stash","requestId":"LP6J6-3A4NY","timestamp":"2026-05-14T16:05:30.359Z","operation":"ToolRegistry.registerTool","msg":"Tool 'git_stash' registered successfully."}
{"level":20,"time":1778774730359,"env":"development","version":"2.6.5","pid":30971,"toolName":"git_status","requestId":"KI52S-9PGDT","timestamp":"2026-05-14T16:05:30.359Z","operation":"ToolRegistry.registerTool","msg":"Registering tool: 'git_status'"}
{"level":30,"time":1778774730359,"env":"development","version":"2.6.5","pid":30971,"toolName":"git_status","requestId":"KI52S-9PGDT","timestamp":"2026-05-14T16:05:30.359Z","operation":"ToolRegistry.registerTool","msg":"Tool 'git_status' registered successfully."}
{"level":20,"time":1778774730359,"env":"development","version":"2.6.5","pid":30971,"toolName":"git_tag","requestId":"0E9JF-BOGCI","timestamp":"2026-05-14T16:05:30.359Z","operation":"ToolRegistry.registerTool","msg":"Registering tool: 'git_tag'"}
{"level":30,"time":1778774730359,"env":"development","version":"2.6.5","pid":30971,"toolName":"git_tag","requestId":"0E9JF-BOGCI","timestamp":"2026-05-14T16:05:30.359Z","operation":"ToolRegistry.registerTool","msg":"Tool 'git_tag' registered successfully."}
{"level":20,"time":1778774730359,"env":"development","version":"2.6.5","pid":30971,"toolName":"git_worktree","requestId":"MCODD-EN6PB","timestamp":"2026-05-14T16:05:30.359Z","operation":"ToolRegistry.registerTool","msg":"Registering tool: 'git_worktree'"}
{"level":30,"time":1778774730359,"env":"development","version":"2.6.5","pid":30971,"toolName":"git_worktree","requestId":"MCODD-EN6PB","timestamp":"2026-05-14T16:05:30.359Z","operation":"ToolRegistry.registerTool","msg":"Tool 'git_worktree' registered successfully."}
{"level":20,"time":1778774730359,"env":"development","version":"2.6.5","pid":30971,"toolName":"git_wrapup_instructions","requestId":"H3GMI-3N9BE","timestamp":"2026-05-14T16:05:30.359Z","operation":"ToolRegistry.registerTool","msg":"Registering tool: 'git_wrapup_instructions'"}
{"level":30,"time":1778774730359,"env":"development","version":"2.6.5","pid":30971,"toolName":"git_wrapup_instructions","requestId":"H3GMI-3N9BE","timestamp":"2026-05-14T16:05:30.359Z","operation":"ToolRegistry.registerTool","msg":"Tool 'git_wrapup_instructions' registered successfully."}
{"level":30,"time":1778774730359,"env":"development","version":"2.6.5","pid":30971,"requestId":"THK7P-ZBYV1","timestamp":"2026-05-14T16:05:30.359Z","operation":"ResourceRegistry.registerAll","msg":"Registering 1 resource(s)..."}
{"level":30,"time":1778774730359,"env":"development","version":"2.6.5","pid":30971,"requestId":"K2PXL-6F4C0","timestamp":"2026-05-14T16:05:30.359Z","resourceName":"git-working-directory","operation":"RegisterResource","msg":"Registering resource: 'git-working-directory'"}
{"level":30,"time":1778774730359,"env":"development","version":"2.6.5","pid":30971,"requestId":"K2PXL-6F4C0","timestamp":"2026-05-14T16:05:30.359Z","resourceName":"git-working-directory","operation":"RegisterResource","msg":"Resource 'git-working-directory' registered successfully."}
{"level":20,"time":1778774730359,"env":"development","version":"2.6.5","pid":30971,"requestId":"5OMBY-VY0AM","timestamp":"2026-05-14T16:05:30.359Z","operation":"PromptRegistry.registerAll","msg":"Registering 1 prompts..."}
{"level":20,"time":1778774730359,"env":"development","version":"2.6.5","pid":30971,"requestId":"5OMBY-VY0AM","timestamp":"2026-05-14T16:05:30.359Z","operation":"PromptRegistry.registerAll","msg":"Registering prompt: git_wrapup"}
{"level":30,"time":1778774730360,"env":"development","version":"2.6.5","pid":30971,"requestId":"5OMBY-VY0AM","timestamp":"2026-05-14T16:05:30.359Z","operation":"PromptRegistry.registerAll","msg":"Registered prompt: git_wrapup"}
{"level":30,"time":1778774730360,"env":"development","version":"2.6.5","pid":30971,"requestId":"5OMBY-VY0AM","timestamp":"2026-05-14T16:05:30.359Z","operation":"PromptRegistry.registerAll","msg":"Successfully registered 1 prompts"}
{"level":20,"time":1778774730360,"env":"development","version":"2.6.5","pid":30971,"requestId":"VCRSI-3CSWD","timestamp":"2026-05-14T16:05:30.360Z","operation":"RootsRegistry.registerAll","msg":"Roots capability enabled (client-provided roots)"}
{"level":30,"time":1778774730360,"env":"development","version":"2.6.5","pid":30971,"requestId":"VCRSI-3CSWD","timestamp":"2026-05-14T16:05:30.360Z","operation":"RootsRegistry.registerAll","msg":"Roots capability registered successfully"}
{"level":30,"time":1778774730360,"env":"development","version":"2.6.5","pid":30971,"requestId":"6Y7ZY-5GHJO","timestamp":"2026-05-14T16:05:30.354Z","operation":"createMcpServerInstance","msg":"All MCP capabilities registered successfully"}
{"level":30,"time":1778774730360,"env":"development","version":"2.6.5","pid":30971,"transport":"stdio","requestId":"TUFQM-SI6KM","timestamp":"2026-05-14T16:05:30.354Z","operation":"connectStdioTransport","transportType":"Stdio","msg":"Attempting to connect stdio transport..."}
{"level":20,"time":1778774730360,"env":"development","version":"2.6.5","pid":30971,"transport":"stdio","requestId":"TUFQM-SI6KM","timestamp":"2026-05-14T16:05:30.354Z","operation":"connectStdioTransport","transportType":"Stdio","msg":"Creating StdioServerTransport instance..."}
{"level":20,"time":1778774730360,"env":"development","version":"2.6.5","pid":30971,"transport":"stdio","requestId":"TUFQM-SI6KM","timestamp":"2026-05-14T16:05:30.354Z","operation":"connectStdioTransport","transportType":"Stdio","msg":"Connecting McpServer instance to StdioServerTransport..."}
{"level":30,"time":1778774730360,"env":"development","version":"2.6.5","pid":30971,"transport":"stdio","requestId":"TUFQM-SI6KM","timestamp":"2026-05-14T16:05:30.354Z","operation":"connectStdioTransport","transportType":"Stdio","msg":"MCP Server connected and listening via stdio transport."}
{"level":30,"time":1778774730360,"env":"development","version":"2.6.5","pid":30971,"applicationName":"@cyanheads/git-mcp-server","applicationVersion":"2.6.5","nodeEnvironment":"development","requestId":"PQA2L-IB4O3","timestamp":"2026-05-14T16:05:30.354Z","operation":"ServerStartup","msg":"@cyanheads/git-mcp-server is now running and ready."}
{"level":30,"time":1778774733635,"env":"development","version":"2.6.5","pid":31226,"requestId":"HQHUJ-AJKLY","timestamp":"2026-05-14T16:05:33.632Z","operation":"loggerInit","msg":"Logger initialized. MCP level: debug."}
{"level":30,"time":1778774733636,"env":"development","version":"2.6.5","pid":31226,"requestId":"6EXQ3-G5LE6","timestamp":"2026-05-14T16:05:33.636Z","operation":"LoggerInit","msg":"Logger initialized. Effective MCP logging level: debug."}
{"level":30,"time":1778774733636,"env":"development","version":"2.6.5","pid":31226,"runtime":"node","runtimeVersion":"Node.js 25.8.1","requestId":"9UXY0-SIMU7","timestamp":"2026-05-14T16:05:33.636Z","operation":"RuntimeDetection","msg":"Runtime detected: Node.js 25.8.1"}
{"level":30,"time":1778774733636,"env":"development","version":"2.6.5","pid":31226,"requestId":"U4S8N-S0YZY","timestamp":"2026-05-14T16:05:33.636Z","operation":"StorageInit","msg":"Storage service initialized with provider: in-memory"}
{"level":30,"time":1778774733636,"env":"development","version":"2.6.5","pid":31226,"applicationName":"@cyanheads/git-mcp-server","applicationVersion":"2.6.5","nodeEnvironment":"development","requestId":"TPJXV-E6TFC","timestamp":"2026-05-14T16:05:33.636Z","operation":"ServerStartup","msg":"Starting @cyanheads/git-mcp-server (v2.6.5)..."}
{"level":30,"time":1778774733636,"env":"development","version":"2.6.5","pid":31226,"transport":"stdio","requestId":"5RCF6-JJ4PO","timestamp":"2026-05-14T16:05:33.636Z","operation":"TransportManager.start","msg":"Starting transport: stdio"}
{"level":30,"time":1778774733636,"env":"development","version":"2.6.5","pid":31226,"requestId":"L3F9P-0T12O","timestamp":"2026-05-14T16:05:33.636Z","operation":"createMcpServerInstance","msg":"Initializing MCP server instance"}
{"level":20,"time":1778774733636,"env":"development","version":"2.6.5","pid":31226,"requestId":"AOI8J-29F86","timestamp":"2026-05-14T16:05:33.636Z","newConfigState":{"appName":"@cyanheads/git-mcp-server","appVersion":"2.6.5","environment":"development"},"operation":"RequestContextService.configure","msg":"RequestContextService configuration updated"}
{"level":20,"time":1778774733639,"env":"development","version":"2.6.5","pid":31226,"requestId":"L3F9P-0T12O","timestamp":"2026-05-14T16:05:33.636Z","operation":"createMcpServerInstance","msg":"Registering all MCP capabilities via registries..."}
{"level":30,"time":1778774733639,"env":"development","version":"2.6.5","pid":31226,"requestId":"439Y3-AJMX7","timestamp":"2026-05-14T16:05:33.639Z","operation":"ToolRegistry.registerAll","msg":"Registering 27 tool(s)..."}
{"level":20,"time":1778774733639,"env":"development","version":"2.6.5","pid":31226,"toolName":"git_add","requestId":"CYQ5Z-KO4O7","timestamp":"2026-05-14T16:05:33.639Z","operation":"ToolRegistry.registerTool","msg":"Registering tool: 'git_add'"}
{"level":30,"time":1778774733640,"env":"development","version":"2.6.5","pid":31226,"toolName":"git_add","requestId":"CYQ5Z-KO4O7","timestamp":"2026-05-14T16:05:33.639Z","operation":"ToolRegistry.registerTool","msg":"Tool 'git_add' registered successfully."}
{"level":20,"time":1778774733640,"env":"development","version":"2.6.5","pid":31226,"toolName":"git_blame","requestId":"WJ1YT-QPOW3","timestamp":"2026-05-14T16:05:33.640Z","operation":"ToolRegistry.registerTool","msg":"Registering tool: 'git_blame'"}
{"level":30,"time":1778774733640,"env":"development","version":"2.6.5","pid":31226,"toolName":"git_blame","requestId":"WJ1YT-QPOW3","timestamp":"2026-05-14T16:05:33.640Z","operation":"ToolRegistry.registerTool","msg":"Tool 'git_blame' registered successfully."}
{"level":20,"time":1778774733640,"env":"development","version":"2.6.5","pid":31226,"toolName":"git_branch","requestId":"JVXWV-UV9U3","timestamp":"2026-05-14T16:05:33.640Z","operation":"ToolRegistry.registerTool","msg":"Registering tool: 'git_branch'"}
{"level":30,"time":1778774733640,"env":"development","version":"2.6.5","pid":31226,"toolName":"git_branch","requestId":"JVXWV-UV9U3","timestamp":"2026-05-14T16:05:33.640Z","operation":"ToolRegistry.registerTool","msg":"Tool 'git_branch' registered successfully."}
{"level":20,"time":1778774733640,"env":"development","version":"2.6.5","pid":31226,"toolName":"git_checkout","requestId":"CWJ77-21BN4","timestamp":"2026-05-14T16:05:33.640Z","operation":"ToolRegistry.registerTool","msg":"Registering tool: 'git_checkout'"}
{"level":30,"time":1778774733640,"env":"development","version":"2.6.5","pid":31226,"toolName":"git_checkout","requestId":"CWJ77-21BN4","timestamp":"2026-05-14T16:05:33.640Z","operation":"ToolRegistry.registerTool","msg":"Tool 'git_checkout' registered successfully."}
{"level":20,"time":1778774733640,"env":"development","version":"2.6.5","pid":31226,"toolName":"git_cherry_pick","requestId":"FAPU6-R32PM","timestamp":"2026-05-14T16:05:33.640Z","operation":"ToolRegistry.registerTool","msg":"Registering tool: 'git_cherry_pick'"}
{"level":30,"time":1778774733640,"env":"development","version":"2.6.5","pid":31226,"toolName":"git_cherry_pick","requestId":"FAPU6-R32PM","timestamp":"2026-05-14T16:05:33.640Z","operation":"ToolRegistry.registerTool","msg":"Tool 'git_cherry_pick' registered successfully."}
{"level":20,"time":1778774733640,"env":"development","version":"2.6.5","pid":31226,"toolName":"git_clean","requestId":"6UDY4-GMQO3","timestamp":"2026-05-14T16:05:33.640Z","operation":"ToolRegistry.registerTool","msg":"Registering tool: 'git_clean'"}
{"level":30,"time":1778774733640,"env":"development","version":"2.6.5","pid":31226,"toolName":"git_clean","requestId":"6UDY4-GMQO3","timestamp":"2026-05-14T16:05:33.640Z","operation":"ToolRegistry.registerTool","msg":"Tool 'git_clean' registered successfully."}
{"level":20,"time":1778774733640,"env":"development","version":"2.6.5","pid":31226,"toolName":"git_clear_working_dir","requestId":"WUKMU-UVL0K","timestamp":"2026-05-14T16:05:33.640Z","operation":"ToolRegistry.registerTool","msg":"Registering tool: 'git_clear_working_dir'"}
{"level":30,"time":1778774733640,"env":"development","version":"2.6.5","pid":31226,"toolName":"git_clear_working_dir","requestId":"WUKMU-UVL0K","timestamp":"2026-05-14T16:05:33.640Z","operation":"ToolRegistry.registerTool","msg":"Tool 'git_clear_working_dir' registered successfully."}
{"level":20,"time":1778774733640,"env":"development","version":"2.6.5","pid":31226,"toolName":"git_clone","requestId":"2C2SN-L36NG","timestamp":"2026-05-14T16:05:33.640Z","operation":"ToolRegistry.registerTool","msg":"Registering tool: 'git_clone'"}
{"level":30,"time":1778774733640,"env":"development","version":"2.6.5","pid":31226,"toolName":"git_clone","requestId":"2C2SN-L36NG","timestamp":"2026-05-14T16:05:33.640Z","operation":"ToolRegistry.registerTool","msg":"Tool 'git_clone' registered successfully."}
{"level":20,"time":1778774733640,"env":"development","version":"2.6.5","pid":31226,"toolName":"git_commit","requestId":"8BBBY-TAUIW","timestamp":"2026-05-14T16:05:33.640Z","operation":"ToolRegistry.registerTool","msg":"Registering tool: 'git_commit'"}
{"level":30,"time":1778774733640,"env":"development","version":"2.6.5","pid":31226,"toolName":"git_commit","requestId":"8BBBY-TAUIW","timestamp":"2026-05-14T16:05:33.640Z","operation":"ToolRegistry.registerTool","msg":"Tool 'git_commit' registered successfully."}
{"level":20,"time":1778774733640,"env":"development","version":"2.6.5","pid":31226,"toolName":"git_diff","requestId":"EI7SF-95FAS","timestamp":"2026-05-14T16:05:33.640Z","operation":"ToolRegistry.registerTool","msg":"Registering tool: 'git_diff'"}
{"level":30,"time":1778774733640,"env":"development","version":"2.6.5","pid":31226,"toolName":"git_diff","requestId":"EI7SF-95FAS","timestamp":"2026-05-14T16:05:33.640Z","operation":"ToolRegistry.registerTool","msg":"Tool 'git_diff' registered successfully."}
{"level":20,"time":1778774733640,"env":"development","version":"2.6.5","pid":31226,"toolName":"git_fetch","requestId":"8DKM7-PRPHV","timestamp":"2026-05-14T16:05:33.640Z","operation":"ToolRegistry.registerTool","msg":"Registering tool: 'git_fetch'"}
{"level":30,"time":1778774733640,"env":"development","version":"2.6.5","pid":31226,"toolName":"git_fetch","requestId":"8DKM7-PRPHV","timestamp":"2026-05-14T16:05:33.640Z","operation":"ToolRegistry.registerTool","msg":"Tool 'git_fetch' registered successfully."}
{"level":20,"time":1778774733640,"env":"development","version":"2.6.5","pid":31226,"toolName":"git_init","requestId":"MQIFE-FCA7K","timestamp":"2026-05-14T16:05:33.640Z","operation":"ToolRegistry.registerTool","msg":"Registering tool: 'git_init'"}
{"level":30,"time":1778774733640,"env":"development","version":"2.6.5","pid":31226,"toolName":"git_init","requestId":"MQIFE-FCA7K","timestamp":"2026-05-14T16:05:33.640Z","operation":"ToolRegistry.registerTool","msg":"Tool 'git_init' registered successfully."}
{"level":20,"time":1778774733640,"env":"development","version":"2.6.5","pid":31226,"toolName":"git_log","requestId":"X4JN6-OUQ8L","timestamp":"2026-05-14T16:05:33.640Z","operation":"ToolRegistry.registerTool","msg":"Registering tool: 'git_log'"}
{"level":30,"time":1778774733640,"env":"development","version":"2.6.5","pid":31226,"toolName":"git_log","requestId":"X4JN6-OUQ8L","timestamp":"2026-05-14T16:05:33.640Z","operation":"ToolRegistry.registerTool","msg":"Tool 'git_log' registered successfully."}
{"level":20,"time":1778774733640,"env":"development","version":"2.6.5","pid":31226,"toolName":"git_merge","requestId":"4I8BH-7OXUS","timestamp":"2026-05-14T16:05:33.640Z","operation":"ToolRegistry.registerTool","msg":"Registering tool: 'git_merge'"}
{"level":30,"time":1778774733640,"env":"development","version":"2.6.5","pid":31226,"toolName":"git_merge","requestId":"4I8BH-7OXUS","timestamp":"2026-05-14T16:05:33.640Z","operation":"ToolRegistry.registerTool","msg":"Tool 'git_merge' registered successfully."}
{"level":20,"time":1778774733640,"env":"development","version":"2.6.5","pid":31226,"toolName":"git_pull","requestId":"PVXA3-MCBMG","timestamp":"2026-05-14T16:05:33.640Z","operation":"ToolRegistry.registerTool","msg":"Registering tool: 'git_pull'"}
{"level":30,"time":1778774733640,"env":"development","version":"2.6.5","pid":31226,"toolName":"git_pull","requestId":"PVXA3-MCBMG","timestamp":"2026-05-14T16:05:33.640Z","operation":"ToolRegistry.registerTool","msg":"Tool 'git_pull' registered successfully."}
{"level":20,"time":1778774733640,"env":"development","version":"2.6.5","pid":31226,"toolName":"git_push","requestId":"XI6QW-XF341","timestamp":"2026-05-14T16:05:33.640Z","operation":"ToolRegistry.registerTool","msg":"Registering tool: 'git_push'"}
{"level":30,"time":1778774733640,"env":"development","version":"2.6.5","pid":31226,"toolName":"git_push","requestId":"XI6QW-XF341","timestamp":"2026-05-14T16:05:33.640Z","operation":"ToolRegistry.registerTool","msg":"Tool 'git_push' registered successfully."}
{"level":20,"time":1778774733640,"env":"development","version":"2.6.5","pid":31226,"toolName":"git_rebase","requestId":"IN1VN-F6HHA","timestamp":"2026-05-14T16:05:33.640Z","operation":"ToolRegistry.registerTool","msg":"Registering tool: 'git_rebase'"}
{"level":30,"time":1778774733640,"env":"development","version":"2.6.5","pid":31226,"toolName":"git_rebase","requestId":"IN1VN-F6HHA","timestamp":"2026-05-14T16:05:33.640Z","operation":"ToolRegistry.registerTool","msg":"Tool 'git_rebase' registered successfully."}
{"level":20,"time":1778774733641,"env":"development","version":"2.6.5","pid":31226,"toolName":"git_reflog","requestId":"00UZQ-Q715O","timestamp":"2026-05-14T16:05:33.641Z","operation":"ToolRegistry.registerTool","msg":"Registering tool: 'git_reflog'"}
{"level":30,"time":1778774733641,"env":"development","version":"2.6.5","pid":31226,"toolName":"git_reflog","requestId":"00UZQ-Q715O","timestamp":"2026-05-14T16:05:33.641Z","operation":"ToolRegistry.registerTool","msg":"Tool 'git_reflog' registered successfully."}
{"level":20,"time":1778774733641,"env":"development","version":"2.6.5","pid":31226,"toolName":"git_remote","requestId":"H86AK-27CRU","timestamp":"2026-05-14T16:05:33.641Z","operation":"ToolRegistry.registerTool","msg":"Registering tool: 'git_remote'"}
{"level":30,"time":1778774733641,"env":"development","version":"2.6.5","pid":31226,"toolName":"git_remote","requestId":"H86AK-27CRU","timestamp":"2026-05-14T16:05:33.641Z","operation":"ToolRegistry.registerTool","msg":"Tool 'git_remote' registered successfully."}
{"level":20,"time":1778774733641,"env":"development","version":"2.6.5","pid":31226,"toolName":"git_reset","requestId":"GFKKU-QIH2F","timestamp":"2026-05-14T16:05:33.641Z","operation":"ToolRegistry.registerTool","msg":"Registering tool: 'git_reset'"}
{"level":30,"time":1778774733641,"env":"development","version":"2.6.5","pid":31226,"toolName":"git_reset","requestId":"GFKKU-QIH2F","timestamp":"2026-05-14T16:05:33.641Z","operation":"ToolRegistry.registerTool","msg":"Tool 'git_reset' registered successfully."}
{"level":20,"time":1778774733641,"env":"development","version":"2.6.5","pid":31226,"toolName":"git_set_working_dir","requestId":"RMY0C-583IX","timestamp":"2026-05-14T16:05:33.641Z","operation":"ToolRegistry.registerTool","msg":"Registering tool: 'git_set_working_dir'"}
{"level":30,"time":1778774733641,"env":"development","version":"2.6.5","pid":31226,"toolName":"git_set_working_dir","requestId":"RMY0C-583IX","timestamp":"2026-05-14T16:05:33.641Z","operation":"ToolRegistry.registerTool","msg":"Tool 'git_set_working_dir' registered successfully."}
{"level":20,"time":1778774733641,"env":"development","version":"2.6.5","pid":31226,"toolName":"git_show","requestId":"1AW2B-2X55F","timestamp":"2026-05-14T16:05:33.641Z","operation":"ToolRegistry.registerTool","msg":"Registering tool: 'git_show'"}
{"level":30,"time":1778774733641,"env":"development","version":"2.6.5","pid":31226,"toolName":"git_show","requestId":"1AW2B-2X55F","timestamp":"2026-05-14T16:05:33.641Z","operation":"ToolRegistry.registerTool","msg":"Tool 'git_show' registered successfully."}
{"level":20,"time":1778774733641,"env":"development","version":"2.6.5","pid":31226,"toolName":"git_stash","requestId":"4CVYJ-F3DK4","timestamp":"2026-05-14T16:05:33.641Z","operation":"ToolRegistry.registerTool","msg":"Registering tool: 'git_stash'"}
{"level":30,"time":1778774733641,"env":"development","version":"2.6.5","pid":31226,"toolName":"git_stash","requestId":"4CVYJ-F3DK4","timestamp":"2026-05-14T16:05:33.641Z","operation":"ToolRegistry.registerTool","msg":"Tool 'git_stash' registered successfully."}
{"level":20,"time":1778774733641,"env":"development","version":"2.6.5","pid":31226,"toolName":"git_status","requestId":"LIWES-R8DNQ","timestamp":"2026-05-14T16:05:33.641Z","operation":"ToolRegistry.registerTool","msg":"Registering tool: 'git_status'"}
{"level":30,"time":1778774733641,"env":"development","version":"2.6.5","pid":31226,"toolName":"git_status","requestId":"LIWES-R8DNQ","timestamp":"2026-05-14T16:05:33.641Z","operation":"ToolRegistry.registerTool","msg":"Tool 'git_status' registered successfully."}
{"level":20,"time":1778774733641,"env":"development","version":"2.6.5","pid":31226,"toolName":"git_tag","requestId":"1W2W7-L8317","timestamp":"2026-05-14T16:05:33.641Z","operation":"ToolRegistry.registerTool","msg":"Registering tool: 'git_tag'"}
{"level":30,"time":1778774733642,"env":"development","version":"2.6.5","pid":31226,"toolName":"git_tag","requestId":"1W2W7-L8317","timestamp":"2026-05-14T16:05:33.641Z","operation":"ToolRegistry.registerTool","msg":"Tool 'git_tag' registered successfully."}
{"level":20,"time":1778774733642,"env":"development","version":"2.6.5","pid":31226,"toolName":"git_worktree","requestId":"UK7KZ-WS4ZW","timestamp":"2026-05-14T16:05:33.642Z","operation":"ToolRegistry.registerTool","msg":"Registering tool: 'git_worktree'"}
{"level":30,"time":1778774733642,"env":"development","version":"2.6.5","pid":31226,"toolName":"git_worktree","requestId":"UK7KZ-WS4ZW","timestamp":"2026-05-14T16:05:33.642Z","operation":"ToolRegistry.registerTool","msg":"Tool 'git_worktree' registered successfully."}
{"level":20,"time":1778774733642,"env":"development","version":"2.6.5","pid":31226,"toolName":"git_wrapup_instructions","requestId":"66O4N-MQXXA","timestamp":"2026-05-14T16:05:33.642Z","operation":"ToolRegistry.registerTool","msg":"Registering tool: 'git_wrapup_instructions'"}
{"level":30,"time":1778774733642,"env":"development","version":"2.6.5","pid":31226,"toolName":"git_wrapup_instructions","requestId":"66O4N-MQXXA","timestamp":"2026-05-14T16:05:33.642Z","operation":"ToolRegistry.registerTool","msg":"Tool 'git_wrapup_instructions' registered successfully."}
{"level":30,"time":1778774733642,"env":"development","version":"2.6.5","pid":31226,"requestId":"BLVWN-41QZK","timestamp":"2026-05-14T16:05:33.642Z","operation":"ResourceRegistry.registerAll","msg":"Registering 1 resource(s)..."}
{"level":30,"time":1778774733643,"env":"development","version":"2.6.5","pid":31226,"requestId":"HTOTH-V1CKR","timestamp":"2026-05-14T16:05:33.643Z","resourceName":"git-working-directory","operation":"RegisterResource","msg":"Registering resource: 'git-working-directory'"}
{"level":30,"time":1778774733643,"env":"development","version":"2.6.5","pid":31226,"requestId":"HTOTH-V1CKR","timestamp":"2026-05-14T16:05:33.643Z","resourceName":"git-working-directory","operation":"RegisterResource","msg":"Resource 'git-working-directory' registered successfully."}
{"level":20,"time":1778774733643,"env":"development","version":"2.6.5","pid":31226,"requestId":"IWJ5X-7OZKE","timestamp":"2026-05-14T16:05:33.643Z","operation":"PromptRegistry.registerAll","msg":"Registering 1 prompts..."}
{"level":20,"time":1778774733643,"env":"development","version":"2.6.5","pid":31226,"requestId":"IWJ5X-7OZKE","timestamp":"2026-05-14T16:05:33.643Z","operation":"PromptRegistry.registerAll","msg":"Registering prompt: git_wrapup"}
{"level":30,"time":1778774733643,"env":"development","version":"2.6.5","pid":31226,"requestId":"IWJ5X-7OZKE","timestamp":"2026-05-14T16:05:33.643Z","operation":"PromptRegistry.registerAll","msg":"Registered prompt: git_wrapup"}
{"level":30,"time":1778774733643,"env":"development","version":"2.6.5","pid":31226,"requestId":"IWJ5X-7OZKE","timestamp":"2026-05-14T16:05:33.643Z","operation":"PromptRegistry.registerAll","msg":"Successfully registered 1 prompts"}
{"level":20,"time":1778774733643,"env":"development","version":"2.6.5","pid":31226,"requestId":"DX3H7-N1S48","timestamp":"2026-05-14T16:05:33.643Z","operation":"RootsRegistry.registerAll","msg":"Roots capability enabled (client-provided roots)"}
{"level":30,"time":1778774733643,"env":"development","version":"2.6.5","pid":31226,"requestId":"DX3H7-N1S48","timestamp":"2026-05-14T16:05:33.643Z","operation":"RootsRegistry.registerAll","msg":"Roots capability registered successfully"}
{"level":30,"time":1778774733643,"env":"development","version":"2.6.5","pid":31226,"requestId":"L3F9P-0T12O","timestamp":"2026-05-14T16:05:33.636Z","operation":"createMcpServerInstance","msg":"All MCP capabilities registered successfully"}
{"level":30,"time":1778774733643,"env":"development","version":"2.6.5","pid":31226,"transport":"stdio","requestId":"5RCF6-JJ4PO","timestamp":"2026-05-14T16:05:33.636Z","operation":"connectStdioTransport","transportType":"Stdio","msg":"Attempting to connect stdio transport..."}
{"level":20,"time":1778774733643,"env":"development","version":"2.6.5","pid":31226,"transport":"stdio","requestId":"5RCF6-JJ4PO","timestamp":"2026-05-14T16:05:33.636Z","operation":"connectStdioTransport","transportType":"Stdio","msg":"Creating StdioServerTransport instance..."}
{"level":20,"time":1778774733643,"env":"development","version":"2.6.5","pid":31226,"transport":"stdio","requestId":"5RCF6-JJ4PO","timestamp":"2026-05-14T16:05:33.636Z","operation":"connectStdioTransport","transportType":"Stdio","msg":"Connecting McpServer instance to StdioServerTransport..."}
{"level":30,"time":1778774733645,"env":"development","version":"2.6.5","pid":31226,"transport":"stdio","requestId":"5RCF6-JJ4PO","timestamp":"2026-05-14T16:05:33.636Z","operation":"connectStdioTransport","transportType":"Stdio","msg":"MCP Server connected and listening via stdio transport."}
{"level":30,"time":1778774733645,"env":"development","version":"2.6.5","pid":31226,"applicationName":"@cyanheads/git-mcp-server","applicationVersion":"2.6.5","nodeEnvironment":"development","requestId":"TPJXV-E6TFC","timestamp":"2026-05-14T16:05:33.636Z","operation":"ServerStartup","msg":"@cyanheads/git-mcp-server is now running and ready."}
{"level":30,"time":1783879605432,"env":"development","version":"2.6.5","pid":99326,"requestId":"SYS66-4FDEI","timestamp":"2026-07-12T18:06:45.429Z","operation":"loggerInit","msg":"Logger initialized. MCP level: debug."}
{"level":30,"time":1783879605432,"env":"development","version":"2.6.5","pid":99326,"requestId":"5Q9TM-MSMA1","timestamp":"2026-07-12T18:06:45.432Z","operation":"LoggerInit","msg":"Logger initialized. Effective MCP logging level: debug."}
{"level":30,"time":1783879605432,"env":"development","version":"2.6.5","pid":99326,"runtime":"node","runtimeVersion":"Node.js 26.3.0","requestId":"GBVX6-JJXCX","timestamp":"2026-07-12T18:06:45.432Z","operation":"RuntimeDetection","msg":"Runtime detected: Node.js 26.3.0"}
{"level":30,"time":1783879605432,"env":"development","version":"2.6.5","pid":99326,"requestId":"TWIRI-TJTEV","timestamp":"2026-07-12T18:06:45.432Z","operation":"StorageInit","msg":"Storage service initialized with provider: in-memory"}
{"level":30,"time":1783879605432,"env":"development","version":"2.6.5","pid":99326,"applicationName":"@cyanheads/git-mcp-server","applicationVersion":"2.6.5","nodeEnvironment":"development","requestId":"T3OTH-EIEYI","timestamp":"2026-07-12T18:06:45.432Z","operation":"ServerStartup","msg":"Starting @cyanheads/git-mcp-server (v2.6.5)..."}
{"level":30,"time":1783879605433,"env":"development","version":"2.6.5","pid":99326,"transport":"stdio","requestId":"TJ6UD-2OE1G","timestamp":"2026-07-12T18:06:45.433Z","operation":"TransportManager.start","msg":"Starting transport: stdio"}
{"level":30,"time":1783879605433,"env":"development","version":"2.6.5","pid":99326,"requestId":"JOSGC-CXT8C","timestamp":"2026-07-12T18:06:45.433Z","operation":"createMcpServerInstance","msg":"Initializing MCP server instance"}
{"level":20,"time":1783879605433,"env":"development","version":"2.6.5","pid":99326,"requestId":"4LNTW-VR9KL","timestamp":"2026-07-12T18:06:45.433Z","newConfigState":{"appName":"@cyanheads/git-mcp-server","appVersion":"2.6.5","environment":"development"},"operation":"RequestContextService.configure","msg":"RequestContextService configuration updated"}
{"level":20,"time":1783879605435,"env":"development","version":"2.6.5","pid":99326,"requestId":"JOSGC-CXT8C","timestamp":"2026-07-12T18:06:45.433Z","operation":"createMcpServerInstance","msg":"Registering all MCP capabilities via registries..."}
{"level":30,"time":1783879605436,"env":"development","version":"2.6.5","pid":99326,"requestId":"WLF1K-06EMX","timestamp":"2026-07-12T18:06:45.436Z","operation":"ToolRegistry.registerAll","msg":"Registering 27 tool(s)..."}
{"level":20,"time":1783879605436,"env":"development","version":"2.6.5","pid":99326,"toolName":"git_add","requestId":"JQ3BZ-5PJS0","timestamp":"2026-07-12T18:06:45.436Z","operation":"ToolRegistry.registerTool","msg":"Registering tool: 'git_add'"}
{"level":30,"time":1783879605436,"env":"development","version":"2.6.5","pid":99326,"toolName":"git_add","requestId":"JQ3BZ-5PJS0","timestamp":"2026-07-12T18:06:45.436Z","operation":"ToolRegistry.registerTool","msg":"Tool 'git_add' registered successfully."}
{"level":20,"time":1783879605436,"env":"development","version":"2.6.5","pid":99326,"toolName":"git_blame","requestId":"CQE36-VNA81","timestamp":"2026-07-12T18:06:45.436Z","operation":"ToolRegistry.registerTool","msg":"Registering tool: 'git_blame'"}
{"level":30,"time":1783879605436,"env":"development","version":"2.6.5","pid":99326,"toolName":"git_blame","requestId":"CQE36-VNA81","timestamp":"2026-07-12T18:06:45.436Z","operation":"ToolRegistry.registerTool","msg":"Tool 'git_blame' registered successfully."}
{"level":20,"time":1783879605436,"env":"development","version":"2.6.5","pid":99326,"toolName":"git_branch","requestId":"HFFSV-VNCH3","timestamp":"2026-07-12T18:06:45.436Z","operation":"ToolRegistry.registerTool","msg":"Registering tool: 'git_branch'"}
{"level":30,"time":1783879605436,"env":"development","version":"2.6.5","pid":99326,"toolName":"git_branch","requestId":"HFFSV-VNCH3","timestamp":"2026-07-12T18:06:45.436Z","operation":"ToolRegistry.registerTool","msg":"Tool 'git_branch' registered successfully."}
{"level":20,"time":1783879605436,"env":"development","version":"2.6.5","pid":99326,"toolName":"git_checkout","requestId":"4BLTU-577CN","timestamp":"2026-07-12T18:06:45.436Z","operation":"ToolRegistry.registerTool","msg":"Registering tool: 'git_checkout'"}
{"level":30,"time":1783879605436,"env":"development","version":"2.6.5","pid":99326,"toolName":"git_checkout","requestId":"4BLTU-577CN","timestamp":"2026-07-12T18:06:45.436Z","operation":"ToolRegistry.registerTool","msg":"Tool 'git_checkout' registered successfully."}
{"level":20,"time":1783879605436,"env":"development","version":"2.6.5","pid":99326,"toolName":"git_cherry_pick","requestId":"9VFH8-CUQ2G","timestamp":"2026-07-12T18:06:45.436Z","operation":"ToolRegistry.registerTool","msg":"Registering tool: 'git_cherry_pick'"}
{"level":30,"time":1783879605436,"env":"development","version":"2.6.5","pid":99326,"toolName":"git_cherry_pick","requestId":"9VFH8-CUQ2G","timestamp":"2026-07-12T18:06:45.436Z","operation":"ToolRegistry.registerTool","msg":"Tool 'git_cherry_pick' registered successfully."}
{"level":20,"time":1783879605436,"env":"development","version":"2.6.5","pid":99326,"toolName":"git_clean","requestId":"D3MOR-9QV1K","timestamp":"2026-07-12T18:06:45.436Z","operation":"ToolRegistry.registerTool","msg":"Registering tool: 'git_clean'"}
{"level":30,"time":1783879605436,"env":"development","version":"2.6.5","pid":99326,"toolName":"git_clean","requestId":"D3MOR-9QV1K","timestamp":"2026-07-12T18:06:45.436Z","operation":"ToolRegistry.registerTool","msg":"Tool 'git_clean' registered successfully."}
{"level":20,"time":1783879605436,"env":"development","version":"2.6.5","pid":99326,"toolName":"git_clear_working_dir","requestId":"RU5XN-5800S","timestamp":"2026-07-12T18:06:45.436Z","operation":"ToolRegistry.registerTool","msg":"Registering tool: 'git_clear_working_dir'"}
{"level":30,"time":1783879605436,"env":"development","version":"2.6.5","pid":99326,"toolName":"git_clear_working_dir","requestId":"RU5XN-5800S","timestamp":"2026-07-12T18:06:45.436Z","operation":"ToolRegistry.registerTool","msg":"Tool 'git_clear_working_dir' registered successfully."}
{"level":20,"time":1783879605437,"env":"development","version":"2.6.5","pid":99326,"toolName":"git_clone","requestId":"CYMU5-NC3AB","timestamp":"2026-07-12T18:06:45.437Z","operation":"ToolRegistry.registerTool","msg":"Registering tool: 'git_clone'"}
{"level":30,"time":1783879605437,"env":"development","version":"2.6.5","pid":99326,"toolName":"git_clone","requestId":"CYMU5-NC3AB","timestamp":"2026-07-12T18:06:45.437Z","operation":"ToolRegistry.registerTool","msg":"Tool 'git_clone' registered successfully."}
{"level":20,"time":1783879605437,"env":"development","version":"2.6.5","pid":99326,"toolName":"git_commit","requestId":"EO81W-N3R3Q","timestamp":"2026-07-12T18:06:45.437Z","operation":"ToolRegistry.registerTool","msg":"Registering tool: 'git_commit'"}
{"level":30,"time":1783879605437,"env":"development","version":"2.6.5","pid":99326,"toolName":"git_commit","requestId":"EO81W-N3R3Q","timestamp":"2026-07-12T18:06:45.437Z","operation":"ToolRegistry.registerTool","msg":"Tool 'git_commit' registered successfully."}
{"level":20,"time":1783879605437,"env":"development","version":"2.6.5","pid":99326,"toolName":"git_diff","requestId":"HNH7U-JN1FM","timestamp":"2026-07-12T18:06:45.437Z","operation":"ToolRegistry.registerTool","msg":"Registering tool: 'git_diff'"}
{"level":30,"time":1783879605437,"env":"development","version":"2.6.5","pid":99326,"toolName":"git_diff","requestId":"HNH7U-JN1FM","timestamp":"2026-07-12T18:06:45.437Z","operation":"ToolRegistry.registerTool","msg":"Tool 'git_diff' registered successfully."}
{"level":20,"time":1783879605437,"env":"development","version":"2.6.5","pid":99326,"toolName":"git_fetch","requestId":"HUFHV-BGCSH","timestamp":"2026-07-12T18:06:45.437Z","operation":"ToolRegistry.registerTool","msg":"Registering tool: 'git_fetch'"}
{"level":30,"time":1783879605437,"env":"development","version":"2.6.5","pid":99326,"toolName":"git_fetch","requestId":"HUFHV-BGCSH","timestamp":"2026-07-12T18:06:45.437Z","operation":"ToolRegistry.registerTool","msg":"Tool 'git_fetch' registered successfully."}
{"level":20,"time":1783879605437,"env":"development","version":"2.6.5","pid":99326,"toolName":"git_init","requestId":"L1CPP-9QBEW","timestamp":"2026-07-12T18:06:45.437Z","operation":"ToolRegistry.registerTool","msg":"Registering tool: 'git_init'"}
{"level":30,"time":1783879605437,"env":"development","version":"2.6.5","pid":99326,"toolName":"git_init","requestId":"L1CPP-9QBEW","timestamp":"2026-07-12T18:06:45.437Z","operation":"ToolRegistry.registerTool","msg":"Tool 'git_init' registered successfully."}
{"level":20,"time":1783879605437,"env":"development","version":"2.6.5","pid":99326,"toolName":"git_log","requestId":"1KSGN-K4O7Z","timestamp":"2026-07-12T18:06:45.437Z","operation":"ToolRegistry.registerTool","msg":"Registering tool: 'git_log'"}
{"level":30,"time":1783879605437,"env":"development","version":"2.6.5","pid":99326,"toolName":"git_log","requestId":"1KSGN-K4O7Z","timestamp":"2026-07-12T18:06:45.437Z","operation":"ToolRegistry.registerTool","msg":"Tool 'git_log' registered successfully."}
{"level":20,"time":1783879605437,"env":"development","version":"2.6.5","pid":99326,"toolName":"git_merge","requestId":"75GDG-0IAPH","timestamp":"2026-07-12T18:06:45.437Z","operation":"ToolRegistry.registerTool","msg":"Registering tool: 'git_merge'"}
{"level":30,"time":1783879605437,"env":"development","version":"2.6.5","pid":99326,"toolName":"git_merge","requestId":"75GDG-0IAPH","timestamp":"2026-07-12T18:06:45.437Z","operation":"ToolRegistry.registerTool","msg":"Tool 'git_merge' registered successfully."}
{"level":20,"time":1783879605437,"env":"development","version":"2.6.5","pid":99326,"toolName":"git_pull","requestId":"5AQ23-387KE","timestamp":"2026-07-12T18:06:45.437Z","operation":"ToolRegistry.registerTool","msg":"Registering tool: 'git_pull'"}
{"level":30,"time":1783879605437,"env":"development","version":"2.6.5","pid":99326,"toolName":"git_pull","requestId":"5AQ23-387KE","timestamp":"2026-07-12T18:06:45.437Z","operation":"ToolRegistry.registerTool","msg":"Tool 'git_pull' registered successfully."}
{"level":20,"time":1783879605437,"env":"development","version":"2.6.5","pid":99326,"toolName":"git_push","requestId":"3SF7E-3DZX3","timestamp":"2026-07-12T18:06:45.437Z","operation":"ToolRegistry.registerTool","msg":"Registering tool: 'git_push'"}
{"level":30,"time":1783879605437,"env":"development","version":"2.6.5","pid":99326,"toolName":"git_push","requestId":"3SF7E-3DZX3","timestamp":"2026-07-12T18:06:45.437Z","operation":"ToolRegistry.registerTool","msg":"Tool 'git_push' registered successfully."}
{"level":20,"time":1783879605437,"env":"development","version":"2.6.5","pid":99326,"toolName":"git_rebase","requestId":"JABQM-YTESI","timestamp":"2026-07-12T18:06:45.437Z","operation":"ToolRegistry.registerTool","msg":"Registering tool: 'git_rebase'"}
{"level":30,"time":1783879605437,"env":"development","version":"2.6.5","pid":99326,"toolName":"git_rebase","requestId":"JABQM-YTESI","timestamp":"2026-07-12T18:06:45.437Z","operation":"ToolRegistry.registerTool","msg":"Tool 'git_rebase' registered successfully."}
{"level":20,"time":1783879605437,"env":"development","version":"2.6.5","pid":99326,"toolName":"git_reflog","requestId":"FJJ5X-CLIM8","timestamp":"2026-07-12T18:06:45.437Z","operation":"ToolRegistry.registerTool","msg":"Registering tool: 'git_reflog'"}
{"level":30,"time":1783879605437,"env":"development","version":"2.6.5","pid":99326,"toolName":"git_reflog","requestId":"FJJ5X-CLIM8","timestamp":"2026-07-12T18:06:45.437Z","operation":"ToolRegistry.registerTool","msg":"Tool 'git_reflog' registered successfully."}
{"level":20,"time":1783879605437,"env":"development","version":"2.6.5","pid":99326,"toolName":"git_remote","requestId":"BOV7R-UZQWO","timestamp":"2026-07-12T18:06:45.437Z","operation":"ToolRegistry.registerTool","msg":"Registering tool: 'git_remote'"}
{"level":30,"time":1783879605437,"env":"development","version":"2.6.5","pid":99326,"toolName":"git_remote","requestId":"BOV7R-UZQWO","timestamp":"2026-07-12T18:06:45.437Z","operation":"ToolRegistry.registerTool","msg":"Tool 'git_remote' registered successfully."}
{"level":20,"time":1783879605437,"env":"development","version":"2.6.5","pid":99326,"toolName":"git_reset","requestId":"KRLYY-MKH31","timestamp":"2026-07-12T18:06:45.437Z","operation":"ToolRegistry.registerTool","msg":"Registering tool: 'git_reset'"}
{"level":30,"time":1783879605437,"env":"development","version":"2.6.5","pid":99326,"toolName":"git_reset","requestId":"KRLYY-MKH31","timestamp":"2026-07-12T18:06:45.437Z","operation":"ToolRegistry.registerTool","msg":"Tool 'git_reset' registered successfully."}
{"level":20,"time":1783879605437,"env":"development","version":"2.6.5","pid":99326,"toolName":"git_set_working_dir","requestId":"GD6SO-WCJLK","timestamp":"2026-07-12T18:06:45.437Z","operation":"ToolRegistry.registerTool","msg":"Registering tool: 'git_set_working_dir'"}
{"level":30,"time":1783879605437,"env":"development","version":"2.6.5","pid":99326,"toolName":"git_set_working_dir","requestId":"GD6SO-WCJLK","timestamp":"2026-07-12T18:06:45.437Z","operation":"ToolRegistry.registerTool","msg":"Tool 'git_set_working_dir' registered successfully."}
{"level":20,"time":1783879605437,"env":"development","version":"2.6.5","pid":99326,"toolName":"git_show","requestId":"0FTGF-MG7R0","timestamp":"2026-07-12T18:06:45.437Z","operation":"ToolRegistry.registerTool","msg":"Registering tool: 'git_show'"}
{"level":30,"time":1783879605437,"env":"development","version":"2.6.5","pid":99326,"toolName":"git_show","requestId":"0FTGF-MG7R0","timestamp":"2026-07-12T18:06:45.437Z","operation":"ToolRegistry.registerTool","msg":"Tool 'git_show' registered successfully."}
{"level":20,"time":1783879605437,"env":"development","version":"2.6.5","pid":99326,"toolName":"git_stash","requestId":"BQLZK-B1F0V","timestamp":"2026-07-12T18:06:45.437Z","operation":"ToolRegistry.registerTool","msg":"Registering tool: 'git_stash'"}
{"level":30,"time":1783879605437,"env":"development","version":"2.6.5","pid":99326,"toolName":"git_stash","requestId":"BQLZK-B1F0V","timestamp":"2026-07-12T18:06:45.437Z","operation":"ToolRegistry.registerTool","msg":"Tool 'git_stash' registered successfully."}
{"level":20,"time":1783879605437,"env":"development","version":"2.6.5","pid":99326,"toolName":"git_status","requestId":"I55CQ-U4ANR","timestamp":"2026-07-12T18:06:45.437Z","operation":"ToolRegistry.registerTool","msg":"Registering tool: 'git_status'"}
{"level":30,"time":1783879605437,"env":"development","version":"2.6.5","pid":99326,"toolName":"git_status","requestId":"I55CQ-U4ANR","timestamp":"2026-07-12T18:06:45.437Z","operation":"ToolRegistry.registerTool","msg":"Tool 'git_status' registered successfully."}
{"level":20,"time":1783879605437,"env":"development","version":"2.6.5","pid":99326,"toolName":"git_tag","requestId":"TKPWB-RP1BJ","timestamp":"2026-07-12T18:06:45.437Z","operation":"ToolRegistry.registerTool","msg":"Registering tool: 'git_tag'"}
{"level":30,"time":1783879605437,"env":"development","version":"2.6.5","pid":99326,"toolName":"git_tag","requestId":"TKPWB-RP1BJ","timestamp":"2026-07-12T18:06:45.437Z","operation":"ToolRegistry.registerTool","msg":"Tool 'git_tag' registered successfully."}
{"level":20,"time":1783879605437,"env":"development","version":"2.6.5","pid":99326,"toolName":"git_worktree","requestId":"O6WAC-XFFEV","timestamp":"2026-07-12T18:06:45.437Z","operation":"ToolRegistry.registerTool","msg":"Registering tool: 'git_worktree'"}
{"level":30,"time":1783879605437,"env":"development","version":"2.6.5","pid":99326,"toolName":"git_worktree","requestId":"O6WAC-XFFEV","timestamp":"2026-07-12T18:06:45.437Z","operation":"ToolRegistry.registerTool","msg":"Tool 'git_worktree' registered successfully."}
{"level":20,"time":1783879605437,"env":"development","version":"2.6.5","pid":99326,"toolName":"git_wrapup_instructions","requestId":"IB3SU-7105Q","timestamp":"2026-07-12T18:06:45.437Z","operation":"ToolRegistry.registerTool","msg":"Registering tool: 'git_wrapup_instructions'"}
{"level":30,"time":1783879605437,"env":"development","version":"2.6.5","pid":99326,"toolName":"git_wrapup_instructions","requestId":"IB3SU-7105Q","timestamp":"2026-07-12T18:06:45.437Z","operation":"ToolRegistry.registerTool","msg":"Tool 'git_wrapup_instructions' registered successfully."}
{"level":30,"time":1783879605437,"env":"development","version":"2.6.5","pid":99326,"requestId":"6L5SU-QZU8H","timestamp":"2026-07-12T18:06:45.437Z","operation":"ResourceRegistry.registerAll","msg":"Registering 1 resource(s)..."}
{"level":30,"time":1783879605437,"env":"development","version":"2.6.5","pid":99326,"requestId":"JLI5K-CGKW1","timestamp":"2026-07-12T18:06:45.437Z","resourceName":"git-working-directory","operation":"RegisterResource","msg":"Registering resource: 'git-working-directory'"}
{"level":30,"time":1783879605438,"env":"development","version":"2.6.5","pid":99326,"requestId":"JLI5K-CGKW1","timestamp":"2026-07-12T18:06:45.437Z","resourceName":"git-working-directory","operation":"RegisterResource","msg":"Resource 'git-working-directory' registered successfully."}
{"level":20,"time":1783879605438,"env":"development","version":"2.6.5","pid":99326,"requestId":"2BBQM-DFN0U","timestamp":"2026-07-12T18:06:45.438Z","operation":"PromptRegistry.registerAll","msg":"Registering 1 prompts..."}
{"level":20,"time":1783879605438,"env":"development","version":"2.6.5","pid":99326,"requestId":"2BBQM-DFN0U","timestamp":"2026-07-12T18:06:45.438Z","operation":"PromptRegistry.registerAll","msg":"Registering prompt: git_wrapup"}
{"level":30,"time":1783879605438,"env":"development","version":"2.6.5","pid":99326,"requestId":"2BBQM-DFN0U","timestamp":"2026-07-12T18:06:45.438Z","operation":"PromptRegistry.registerAll","msg":"Registered prompt: git_wrapup"}
{"level":30,"time":1783879605438,"env":"development","version":"2.6.5","pid":99326,"requestId":"2BBQM-DFN0U","timestamp":"2026-07-12T18:06:45.438Z","operation":"PromptRegistry.registerAll","msg":"Successfully registered 1 prompts"}
{"level":20,"time":1783879605438,"env":"development","version":"2.6.5","pid":99326,"requestId":"OBK5B-X5PAJ","timestamp":"2026-07-12T18:06:45.438Z","operation":"RootsRegistry.registerAll","msg":"Roots capability enabled (client-provided roots)"}
{"level":30,"time":1783879605438,"env":"development","version":"2.6.5","pid":99326,"requestId":"OBK5B-X5PAJ","timestamp":"2026-07-12T18:06:45.438Z","operation":"RootsRegistry.registerAll","msg":"Roots capability registered successfully"}
{"level":30,"time":1783879605438,"env":"development","version":"2.6.5","pid":99326,"requestId":"JOSGC-CXT8C","timestamp":"2026-07-12T18:06:45.433Z","operation":"createMcpServerInstance","msg":"All MCP capabilities registered successfully"}
{"level":30,"time":1783879605438,"env":"development","version":"2.6.5","pid":99326,"transport":"stdio","requestId":"TJ6UD-2OE1G","timestamp":"2026-07-12T18:06:45.433Z","operation":"connectStdioTransport","transportType":"Stdio","msg":"Attempting to connect stdio transport..."}
{"level":20,"time":1783879605438,"env":"development","version":"2.6.5","pid":99326,"transport":"stdio","requestId":"TJ6UD-2OE1G","timestamp":"2026-07-12T18:06:45.433Z","operation":"connectStdioTransport","transportType":"Stdio","msg":"Creating StdioServerTransport instance..."}
{"level":20,"time":1783879605438,"env":"development","version":"2.6.5","pid":99326,"transport":"stdio","requestId":"TJ6UD-2OE1G","timestamp":"2026-07-12T18:06:45.433Z","operation":"connectStdioTransport","transportType":"Stdio","msg":"Connecting McpServer instance to StdioServerTransport..."}
{"level":30,"time":1783879605438,"env":"development","version":"2.6.5","pid":99326,"transport":"stdio","requestId":"TJ6UD-2OE1G","timestamp":"2026-07-12T18:06:45.433Z","operation":"connectStdioTransport","transportType":"Stdio","msg":"MCP Server connected and listening via stdio transport."}
{"level":30,"time":1783879605438,"env":"development","version":"2.6.5","pid":99326,"applicationName":"@cyanheads/git-mcp-server","applicationVersion":"2.6.5","nodeEnvironment":"development","requestId":"T3OTH-EIEYI","timestamp":"2026-07-12T18:06:45.432Z","operation":"ServerStartup","msg":"@cyanheads/git-mcp-server is now running and ready."}
{"level":30,"time":1783904369375,"env":"development","version":"2.6.5","pid":99326,"triggerEvent":"SIGTERM","requestId":"AVPOU-2XZT2","timestamp":"2026-07-13T00:59:29.372Z","operation":"ServerShutdown","msg":"Received SIGTERM. Initiating graceful shutdown..."}
{"level":30,"time":1783904369376,"env":"development","version":"2.6.5","pid":99326,"signal":"SIGTERM","requestId":"D6FHP-NIJZP","timestamp":"2026-07-13T00:59:29.376Z","operation":"stopStdioTransport","transportType":"Stdio","msg":"Attempting to stop stdio transport..."}
{"level":30,"time":1783904369377,"env":"development","version":"2.6.5","pid":99326,"signal":"SIGTERM","requestId":"D6FHP-NIJZP","timestamp":"2026-07-13T00:59:29.376Z","operation":"stopStdioTransport","transportType":"Stdio","msg":"Stdio transport stopped successfully."}
{"level":30,"time":1783904369377,"env":"development","version":"2.6.5","pid":99326,"triggerEvent":"SIGTERM","requestId":"AVPOU-2XZT2","timestamp":"2026-07-13T00:59:29.372Z","operation":"ServerShutdown","msg":"Graceful shutdown completed successfully. Exiting."}
{"level":30,"time":1783904369377,"env":"development","version":"2.6.5","pid":99326,"requestId":"0F6B8-QFTX3","timestamp":"2026-07-13T00:59:29.377Z","operation":"loggerClose","msg":"Logger shutting down."}
{"level":30,"time":1783921524874,"env":"development","version":"2.6.5","pid":5021,"requestId":"KDN8P-I8WGD","timestamp":"2026-07-13T05:45:24.873Z","operation":"loggerInit","msg":"Logger initialized. MCP level: debug."}
{"level":30,"time":1783921524875,"env":"development","version":"2.6.5","pid":5021,"requestId":"L536R-MHCET","timestamp":"2026-07-13T05:45:24.874Z","operation":"LoggerInit","msg":"Logger initialized. Effective MCP logging level: debug."}
{"level":30,"time":1783921524875,"env":"development","version":"2.6.5","pid":5021,"runtime":"node","runtimeVersion":"Node.js 26.3.0","requestId":"AHL3C-A55AH","timestamp":"2026-07-13T05:45:24.875Z","operation":"RuntimeDetection","msg":"Runtime detected: Node.js 26.3.0"}
{"level":30,"time":1783921524875,"env":"development","version":"2.6.5","pid":5021,"requestId":"VUQ5B-IAP1U","timestamp":"2026-07-13T05:45:24.875Z","operation":"StorageInit","msg":"Storage service initialized with provider: in-memory"}
{"level":30,"time":1783921524875,"env":"development","version":"2.6.5","pid":5021,"applicationName":"@cyanheads/git-mcp-server","applicationVersion":"2.6.5","nodeEnvironment":"development","requestId":"B4G45-RRW3W","timestamp":"2026-07-13T05:45:24.875Z","operation":"ServerStartup","msg":"Starting @cyanheads/git-mcp-server (v2.6.5)..."}
{"level":30,"time":1783921524875,"env":"development","version":"2.6.5","pid":5021,"transport":"stdio","requestId":"F7PKW-P3L2P","timestamp":"2026-07-13T05:45:24.875Z","operation":"TransportManager.start","msg":"Starting transport: stdio"}
{"level":30,"time":1783921524875,"env":"development","version":"2.6.5","pid":5021,"requestId":"2L3FK-IFZ0M","timestamp":"2026-07-13T05:45:24.875Z","operation":"createMcpServerInstance","msg":"Initializing MCP server instance"}
{"level":20,"time":1783921524875,"env":"development","version":"2.6.5","pid":5021,"requestId":"P9Q76-MJBK4","timestamp":"2026-07-13T05:45:24.875Z","newConfigState":{"appName":"@cyanheads/git-mcp-server","appVersion":"2.6.5","environment":"development"},"operation":"RequestContextService.configure","msg":"RequestContextService configuration updated"}
{"level":20,"time":1783921524878,"env":"development","version":"2.6.5","pid":5021,"requestId":"2L3FK-IFZ0M","timestamp":"2026-07-13T05:45:24.875Z","operation":"createMcpServerInstance","msg":"Registering all MCP capabilities via registries..."}
{"level":30,"time":1783921524878,"env":"development","version":"2.6.5","pid":5021,"requestId":"MWC9U-6526V","timestamp":"2026-07-13T05:45:24.878Z","operation":"ToolRegistry.registerAll","msg":"Registering 27 tool(s)..."}
{"level":20,"time":1783921524879,"env":"development","version":"2.6.5","pid":5021,"toolName":"git_add","requestId":"3U5N4-CGBXU","timestamp":"2026-07-13T05:45:24.879Z","operation":"ToolRegistry.registerTool","msg":"Registering tool: 'git_add'"}
{"level":30,"time":1783921524879,"env":"development","version":"2.6.5","pid":5021,"toolName":"git_add","requestId":"3U5N4-CGBXU","timestamp":"2026-07-13T05:45:24.879Z","operation":"ToolRegistry.registerTool","msg":"Tool 'git_add' registered successfully."}
{"level":20,"time":1783921524879,"env":"development","version":"2.6.5","pid":5021,"toolName":"git_blame","requestId":"EJVL5-64RIX","timestamp":"2026-07-13T05:45:24.879Z","operation":"ToolRegistry.registerTool","msg":"Registering tool: 'git_blame'"}
{"level":30,"time":1783921524879,"env":"development","version":"2.6.5","pid":5021,"toolName":"git_blame","requestId":"EJVL5-64RIX","timestamp":"2026-07-13T05:45:24.879Z","operation":"ToolRegistry.registerTool","msg":"Tool 'git_blame' registered successfully."}
{"level":20,"time":1783921524879,"env":"development","version":"2.6.5","pid":5021,"toolName":"git_branch","requestId":"OBV30-EZZ26","timestamp":"2026-07-13T05:45:24.879Z","operation":"ToolRegistry.registerTool","msg":"Registering tool: 'git_branch'"}
{"level":30,"time":1783921524879,"env":"development","version":"2.6.5","pid":5021,"toolName":"git_branch","requestId":"OBV30-EZZ26","timestamp":"2026-07-13T05:45:24.879Z","operation":"ToolRegistry.registerTool","msg":"Tool 'git_branch' registered successfully."}
{"level":20,"time":1783921524879,"env":"development","version":"2.6.5","pid":5021,"toolName":"git_checkout","requestId":"6Q8TY-K0XLN","timestamp":"2026-07-13T05:45:24.879Z","operation":"ToolRegistry.registerTool","msg":"Registering tool: 'git_checkout'"}
{"level":30,"time":1783921524879,"env":"development","version":"2.6.5","pid":5021,"toolName":"git_checkout","requestId":"6Q8TY-K0XLN","timestamp":"2026-07-13T05:45:24.879Z","operation":"ToolRegistry.registerTool","msg":"Tool 'git_checkout' registered successfully."}
{"level":20,"time":1783921524879,"env":"development","version":"2.6.5","pid":5021,"toolName":"git_cherry_pick","requestId":"DTDO7-CRUNH","timestamp":"2026-07-13T05:45:24.879Z","operation":"ToolRegistry.registerTool","msg":"Registering tool: 'git_cherry_pick'"}
{"level":30,"time":1783921524879,"env":"development","version":"2.6.5","pid":5021,"toolName":"git_cherry_pick","requestId":"DTDO7-CRUNH","timestamp":"2026-07-13T05:45:24.879Z","operation":"ToolRegistry.registerTool","msg":"Tool 'git_cherry_pick' registered successfully."}
{"level":20,"time":1783921524879,"env":"development","version":"2.6.5","pid":5021,"toolName":"git_clean","requestId":"29V82-N5DU9","timestamp":"2026-07-13T05:45:24.879Z","operation":"ToolRegistry.registerTool","msg":"Registering tool: 'git_clean'"}
{"level":30,"time":1783921524879,"env":"development","version":"2.6.5","pid":5021,"toolName":"git_clean","requestId":"29V82-N5DU9","timestamp":"2026-07-13T05:45:24.879Z","operation":"ToolRegistry.registerTool","msg":"Tool 'git_clean' registered successfully."}
{"level":20,"time":1783921524879,"env":"development","version":"2.6.5","pid":5021,"toolName":"git_clear_working_dir","requestId":"1ORZE-00NX9","timestamp":"2026-07-13T05:45:24.879Z","operation":"ToolRegistry.registerTool","msg":"Registering tool: 'git_clear_working_dir'"}
{"level":30,"time":1783921524879,"env":"development","version":"2.6.5","pid":5021,"toolName":"git_clear_working_dir","requestId":"1ORZE-00NX9","timestamp":"2026-07-13T05:45:24.879Z","operation":"ToolRegistry.registerTool","msg":"Tool 'git_clear_working_dir' registered successfully."}
{"level":20,"time":1783921524879,"env":"development","version":"2.6.5","pid":5021,"toolName":"git_clone","requestId":"ZSKL6-I0PFB","timestamp":"2026-07-13T05:45:24.879Z","operation":"ToolRegistry.registerTool","msg":"Registering tool: 'git_clone'"}
{"level":30,"time":1783921524879,"env":"development","version":"2.6.5","pid":5021,"toolName":"git_clone","requestId":"ZSKL6-I0PFB","timestamp":"2026-07-13T05:45:24.879Z","operation":"ToolRegistry.registerTool","msg":"Tool 'git_clone' registered successfully."}
{"level":20,"time":1783921524879,"env":"development","version":"2.6.5","pid":5021,"toolName":"git_commit","requestId":"EQVPL-3JBHM","timestamp":"2026-07-13T05:45:24.879Z","operation":"ToolRegistry.registerTool","msg":"Registering tool: 'git_commit'"}
{"level":30,"time":1783921524879,"env":"development","version":"2.6.5","pid":5021,"toolName":"git_commit","requestId":"EQVPL-3JBHM","timestamp":"2026-07-13T05:45:24.879Z","operation":"ToolRegistry.registerTool","msg":"Tool 'git_commit' registered successfully."}
{"level":20,"time":1783921524879,"env":"development","version":"2.6.5","pid":5021,"toolName":"git_diff","requestId":"2SM4Q-6ADN5","timestamp":"2026-07-13T05:45:24.879Z","operation":"ToolRegistry.registerTool","msg":"Registering tool: 'git_diff'"}
{"level":30,"time":1783921524879,"env":"development","version":"2.6.5","pid":5021,"toolName":"git_diff","requestId":"2SM4Q-6ADN5","timestamp":"2026-07-13T05:45:24.879Z","operation":"ToolRegistry.registerTool","msg":"Tool 'git_diff' registered successfully."}
{"level":20,"time":1783921524879,"env":"development","version":"2.6.5","pid":5021,"toolName":"git_fetch","requestId":"MIWYA-98GH0","timestamp":"2026-07-13T05:45:24.879Z","operation":"ToolRegistry.registerTool","msg":"Registering tool: 'git_fetch'"}
{"level":30,"time":1783921524879,"env":"development","version":"2.6.5","pid":5021,"toolName":"git_fetch","requestId":"MIWYA-98GH0","timestamp":"2026-07-13T05:45:24.879Z","operation":"ToolRegistry.registerTool","msg":"Tool 'git_fetch' registered successfully."}
{"level":20,"time":1783921524880,"env":"development","version":"2.6.5","pid":5021,"toolName":"git_init","requestId":"PKDG6-MDTSC","timestamp":"2026-07-13T05:45:24.880Z","operation":"ToolRegistry.registerTool","msg":"Registering tool: 'git_init'"}
{"level":30,"time":1783921524880,"env":"development","version":"2.6.5","pid":5021,"toolName":"git_init","requestId":"PKDG6-MDTSC","timestamp":"2026-07-13T05:45:24.880Z","operation":"ToolRegistry.registerTool","msg":"Tool 'git_init' registered successfully."}
{"level":20,"time":1783921524880,"env":"development","version":"2.6.5","pid":5021,"toolName":"git_log","requestId":"SKYN9-H5U0N","timestamp":"2026-07-13T05:45:24.880Z","operation":"ToolRegistry.registerTool","msg":"Registering tool: 'git_log'"}
{"level":30,"time":1783921524880,"env":"development","version":"2.6.5","pid":5021,"toolName":"git_log","requestId":"SKYN9-H5U0N","timestamp":"2026-07-13T05:45:24.880Z","operation":"ToolRegistry.registerTool","msg":"Tool 'git_log' registered successfully."}
{"level":20,"time":1783921524880,"env":"development","version":"2.6.5","pid":5021,"toolName":"git_merge","requestId":"DAWXM-QJOIA","timestamp":"2026-07-13T05:45:24.880Z","operation":"ToolRegistry.registerTool","msg":"Registering tool: 'git_merge'"}
{"level":30,"time":1783921524880,"env":"development","version":"2.6.5","pid":5021,"toolName":"git_merge","requestId":"DAWXM-QJOIA","timestamp":"2026-07-13T05:45:24.880Z","operation":"ToolRegistry.registerTool","msg":"Tool 'git_merge' registered successfully."}
{"level":20,"time":1783921524880,"env":"development","version":"2.6.5","pid":5021,"toolName":"git_pull","requestId":"UKD26-3NSS1","timestamp":"2026-07-13T05:45:24.880Z","operation":"ToolRegistry.registerTool","msg":"Registering tool: 'git_pull'"}
{"level":30,"time":1783921524880,"env":"development","version":"2.6.5","pid":5021,"toolName":"git_pull","requestId":"UKD26-3NSS1","timestamp":"2026-07-13T05:45:24.880Z","operation":"ToolRegistry.registerTool","msg":"Tool 'git_pull' registered successfully."}
{"level":20,"time":1783921524880,"env":"development","version":"2.6.5","pid":5021,"toolName":"git_push","requestId":"3S99Q-7IT8Z","timestamp":"2026-07-13T05:45:24.880Z","operation":"ToolRegistry.registerTool","msg":"Registering tool: 'git_push'"}
{"level":30,"time":1783921524880,"env":"development","version":"2.6.5","pid":5021,"toolName":"git_push","requestId":"3S99Q-7IT8Z","timestamp":"2026-07-13T05:45:24.880Z","operation":"ToolRegistry.registerTool","msg":"Tool 'git_push' registered successfully."}
{"level":20,"time":1783921524880,"env":"development","version":"2.6.5","pid":5021,"toolName":"git_rebase","requestId":"9LB20-NTVB4","timestamp":"2026-07-13T05:45:24.880Z","operation":"ToolRegistry.registerTool","msg":"Registering tool: 'git_rebase'"}
{"level":30,"time":1783921524880,"env":"development","version":"2.6.5","pid":5021,"toolName":"git_rebase","requestId":"9LB20-NTVB4","timestamp":"2026-07-13T05:45:24.880Z","operation":"ToolRegistry.registerTool","msg":"Tool 'git_rebase' registered successfully."}
{"level":20,"time":1783921524880,"env":"development","version":"2.6.5","pid":5021,"toolName":"git_reflog","requestId":"I27Y9-KZ8P2","timestamp":"2026-07-13T05:45:24.880Z","operation":"ToolRegistry.registerTool","msg":"Registering tool: 'git_reflog'"}
{"level":30,"time":1783921524880,"env":"development","version":"2.6.5","pid":5021,"toolName":"git_reflog","requestId":"I27Y9-KZ8P2","timestamp":"2026-07-13T05:45:24.880Z","operation":"ToolRegistry.registerTool","msg":"Tool 'git_reflog' registered successfully."}
{"level":20,"time":1783921524880,"env":"development","version":"2.6.5","pid":5021,"toolName":"git_remote","requestId":"N40ND-CQ62P","timestamp":"2026-07-13T05:45:24.880Z","operation":"ToolRegistry.registerTool","msg":"Registering tool: 'git_remote'"}
{"level":30,"time":1783921524880,"env":"development","version":"2.6.5","pid":5021,"toolName":"git_remote","requestId":"N40ND-CQ62P","timestamp":"2026-07-13T05:45:24.880Z","operation":"ToolRegistry.registerTool","msg":"Tool 'git_remote' registered successfully."}
{"level":20,"time":1783921524880,"env":"development","version":"2.6.5","pid":5021,"toolName":"git_reset","requestId":"L7HYA-TR5JG","timestamp":"2026-07-13T05:45:24.880Z","operation":"ToolRegistry.registerTool","msg":"Registering tool: 'git_reset'"}
{"level":30,"time":1783921524880,"env":"development","version":"2.6.5","pid":5021,"toolName":"git_reset","requestId":"L7HYA-TR5JG","timestamp":"2026-07-13T05:45:24.880Z","operation":"ToolRegistry.registerTool","msg":"Tool 'git_reset' registered successfully."}
{"level":20,"time":1783921524880,"env":"development","version":"2.6.5","pid":5021,"toolName":"git_set_working_dir","requestId":"XM9DU-J4PZY","timestamp":"2026-07-13T05:45:24.880Z","operation":"ToolRegistry.registerTool","msg":"Registering tool: 'git_set_working_dir'"}
{"level":30,"time":1783921524880,"env":"development","version":"2.6.5","pid":5021,"toolName":"git_set_working_dir","requestId":"XM9DU-J4PZY","timestamp":"2026-07-13T05:45:24.880Z","operation":"ToolRegistry.registerTool","msg":"Tool 'git_set_working_dir' registered successfully."}
{"level":20,"time":1783921524880,"env":"development","version":"2.6.5","pid":5021,"toolName":"git_show","requestId":"2RY35-FN48N","timestamp":"2026-07-13T05:45:24.880Z","operation":"ToolRegistry.registerTool","msg":"Registering tool: 'git_show'"}
{"level":30,"time":1783921524880,"env":"development","version":"2.6.5","pid":5021,"toolName":"git_show","requestId":"2RY35-FN48N","timestamp":"2026-07-13T05:45:24.880Z","operation":"ToolRegistry.registerTool","msg":"Tool 'git_show' registered successfully."}
{"level":20,"time":1783921524880,"env":"development","version":"2.6.5","pid":5021,"toolName":"git_stash","requestId":"YI801-2EQ14","timestamp":"2026-07-13T05:45:24.880Z","operation":"ToolRegistry.registerTool","msg":"Registering tool: 'git_stash'"}
{"level":30,"time":1783921524880,"env":"development","version":"2.6.5","pid":5021,"toolName":"git_stash","requestId":"YI801-2EQ14","timestamp":"2026-07-13T05:45:24.880Z","operation":"ToolRegistry.registerTool","msg":"Tool 'git_stash' registered successfully."}
{"level":20,"time":1783921524880,"env":"development","version":"2.6.5","pid":5021,"toolName":"git_status","requestId":"GZ8OK-3AIV4","timestamp":"2026-07-13T05:45:24.880Z","operation":"ToolRegistry.registerTool","msg":"Registering tool: 'git_status'"}
{"level":30,"time":1783921524880,"env":"development","version":"2.6.5","pid":5021,"toolName":"git_status","requestId":"GZ8OK-3AIV4","timestamp":"2026-07-13T05:45:24.880Z","operation":"ToolRegistry.registerTool","msg":"Tool 'git_status' registered successfully."}
{"level":20,"time":1783921524880,"env":"development","version":"2.6.5","pid":5021,"toolName":"git_tag","requestId":"MD3K1-B60V7","timestamp":"2026-07-13T05:45:24.880Z","operation":"ToolRegistry.registerTool","msg":"Registering tool: 'git_tag'"}
{"level":30,"time":1783921524880,"env":"development","version":"2.6.5","pid":5021,"toolName":"git_tag","requestId":"MD3K1-B60V7","timestamp":"2026-07-13T05:45:24.880Z","operation":"ToolRegistry.registerTool","msg":"Tool 'git_tag' registered successfully."}
{"level":20,"time":1783921524880,"env":"development","version":"2.6.5","pid":5021,"toolName":"git_worktree","requestId":"LDUQM-PRGOM","timestamp":"2026-07-13T05:45:24.880Z","operation":"ToolRegistry.registerTool","msg":"Registering tool: 'git_worktree'"}
{"level":30,"time":1783921524880,"env":"development","version":"2.6.5","pid":5021,"toolName":"git_worktree","requestId":"LDUQM-PRGOM","timestamp":"2026-07-13T05:45:24.880Z","operation":"ToolRegistry.registerTool","msg":"Tool 'git_worktree' registered successfully."}
{"level":20,"time":1783921524880,"env":"development","version":"2.6.5","pid":5021,"toolName":"git_wrapup_instructions","requestId":"BXB1F-PJCFA","timestamp":"2026-07-13T05:45:24.880Z","operation":"ToolRegistry.registerTool","msg":"Registering tool: 'git_wrapup_instructions'"}
{"level":30,"time":1783921524880,"env":"development","version":"2.6.5","pid":5021,"toolName":"git_wrapup_instructions","requestId":"BXB1F-PJCFA","timestamp":"2026-07-13T05:45:24.880Z","operation":"ToolRegistry.registerTool","msg":"Tool 'git_wrapup_instructions' registered successfully."}
{"level":30,"time":1783921524881,"env":"development","version":"2.6.5","pid":5021,"requestId":"CP6BT-3RL0V","timestamp":"2026-07-13T05:45:24.881Z","operation":"ResourceRegistry.registerAll","msg":"Registering 1 resource(s)..."}
{"level":30,"time":1783921524881,"env":"development","version":"2.6.5","pid":5021,"requestId":"1EKI7-7WZHV","timestamp":"2026-07-13T05:45:24.881Z","resourceName":"git-working-directory","operation":"RegisterResource","msg":"Registering resource: 'git-working-directory'"}
{"level":30,"time":1783921524882,"env":"development","version":"2.6.5","pid":5021,"requestId":"1EKI7-7WZHV","timestamp":"2026-07-13T05:45:24.881Z","resourceName":"git-working-directory","operation":"RegisterResource","msg":"Resource 'git-working-directory' registered successfully."}
{"level":20,"time":1783921524882,"env":"development","version":"2.6.5","pid":5021,"requestId":"2M0K5-N1IX3","timestamp":"2026-07-13T05:45:24.882Z","operation":"PromptRegistry.registerAll","msg":"Registering 1 prompts..."}
{"level":20,"time":1783921524882,"env":"development","version":"2.6.5","pid":5021,"requestId":"2M0K5-N1IX3","timestamp":"2026-07-13T05:45:24.882Z","operation":"PromptRegistry.registerAll","msg":"Registering prompt: git_wrapup"}
{"level":30,"time":1783921524882,"env":"development","version":"2.6.5","pid":5021,"requestId":"2M0K5-N1IX3","timestamp":"2026-07-13T05:45:24.882Z","operation":"PromptRegistry.registerAll","msg":"Registered prompt: git_wrapup"}
{"level":30,"time":1783921524882,"env":"development","version":"2.6.5","pid":5021,"requestId":"2M0K5-N1IX3","timestamp":"2026-07-13T05:45:24.882Z","operation":"PromptRegistry.registerAll","msg":"Successfully registered 1 prompts"}
{"level":20,"time":1783921524883,"env":"development","version":"2.6.5","pid":5021,"requestId":"M1P1R-E34VH","timestamp":"2026-07-13T05:45:24.883Z","operation":"RootsRegistry.registerAll","msg":"Roots capability enabled (client-provided roots)"}
{"level":30,"time":1783921524883,"env":"development","version":"2.6.5","pid":5021,"requestId":"M1P1R-E34VH","timestamp":"2026-07-13T05:45:24.883Z","operation":"RootsRegistry.registerAll","msg":"Roots capability registered successfully"}
{"level":30,"time":1783921524883,"env":"development","version":"2.6.5","pid":5021,"requestId":"2L3FK-IFZ0M","timestamp":"2026-07-13T05:45:24.875Z","operation":"createMcpServerInstance","msg":"All MCP capabilities registered successfully"}
{"level":30,"time":1783921524883,"env":"development","version":"2.6.5","pid":5021,"transport":"stdio","requestId":"F7PKW-P3L2P","timestamp":"2026-07-13T05:45:24.875Z","operation":"connectStdioTransport","transportType":"Stdio","msg":"Attempting to connect stdio transport..."}
{"level":20,"time":1783921524883,"env":"development","version":"2.6.5","pid":5021,"transport":"stdio","requestId":"F7PKW-P3L2P","timestamp":"2026-07-13T05:45:24.875Z","operation":"connectStdioTransport","transportType":"Stdio","msg":"Creating StdioServerTransport instance..."}
{"level":20,"time":1783921524883,"env":"development","version":"2.6.5","pid":5021,"transport":"stdio","requestId":"F7PKW-P3L2P","timestamp":"2026-07-13T05:45:24.875Z","operation":"connectStdioTransport","transportType":"Stdio","msg":"Connecting McpServer instance to StdioServerTransport..."}
{"level":30,"time":1783921524883,"env":"development","version":"2.6.5","pid":5021,"transport":"stdio","requestId":"F7PKW-P3L2P","timestamp":"2026-07-13T05:45:24.875Z","operation":"connectStdioTransport","transportType":"Stdio","msg":"MCP Server connected and listening via stdio transport."}
{"level":30,"time":1783921524883,"env":"development","version":"2.6.5","pid":5021,"applicationName":"@cyanheads/git-mcp-server","applicationVersion":"2.6.5","nodeEnvironment":"development","requestId":"B4G45-RRW3W","timestamp":"2026-07-13T05:45:24.875Z","operation":"ServerStartup","msg":"@cyanheads/git-mcp-server is now running and ready."}
{"level":30,"time":1783921558606,"env":"development","version":"2.6.5","pid":5021,"triggerEvent":"SIGTERM","requestId":"6PVTJ-MP7LN","timestamp":"2026-07-13T05:45:58.606Z","operation":"ServerShutdown","msg":"Received SIGTERM. Initiating graceful shutdown..."}
{"level":30,"time":1783921558607,"env":"development","version":"2.6.5","pid":5021,"signal":"SIGTERM","requestId":"P7ZNR-2382O","timestamp":"2026-07-13T05:45:58.606Z","operation":"stopStdioTransport","transportType":"Stdio","msg":"Attempting to stop stdio transport..."}
{"level":30,"time":1783921558621,"env":"development","version":"2.6.5","pid":5021,"signal":"SIGTERM","requestId":"P7ZNR-2382O","timestamp":"2026-07-13T05:45:58.606Z","operation":"stopStdioTransport","transportType":"Stdio","msg":"Stdio transport stopped successfully."}
{"level":30,"time":1783921558621,"env":"development","version":"2.6.5","pid":5021,"triggerEvent":"SIGTERM","requestId":"6PVTJ-MP7LN","timestamp":"2026-07-13T05:45:58.606Z","operation":"ServerShutdown","msg":"Graceful shutdown completed successfully. Exiting."}
{"level":30,"time":1783921558624,"env":"development","version":"2.6.5","pid":5021,"requestId":"13F5L-FDKOL","timestamp":"2026-07-13T05:45:58.624Z","operation":"loggerClose","msg":"Logger shutting down."}
{"level":30,"time":1783921562264,"env":"development","version":"2.6.5","pid":5300,"requestId":"8QAPT-NL05D","timestamp":"2026-07-13T05:46:02.262Z","operation":"loggerInit","msg":"Logger initialized. MCP level: debug."}
{"level":30,"time":1783921562264,"env":"development","version":"2.6.5","pid":5300,"requestId":"9QZRN-0PNAA","timestamp":"2026-07-13T05:46:02.264Z","operation":"LoggerInit","msg":"Logger initialized. Effective MCP logging level: debug."}
{"level":30,"time":1783921562264,"env":"development","version":"2.6.5","pid":5300,"runtime":"node","runtimeVersion":"Node.js 26.3.0","requestId":"OH6GI-3DDS9","timestamp":"2026-07-13T05:46:02.264Z","operation":"RuntimeDetection","msg":"Runtime detected: Node.js 26.3.0"}
{"level":30,"time":1783921562264,"env":"development","version":"2.6.5","pid":5300,"requestId":"376II-2CJRU","timestamp":"2026-07-13T05:46:02.264Z","operation":"StorageInit","msg":"Storage service initialized with provider: in-memory"}
{"level":30,"time":1783921562264,"env":"development","version":"2.6.5","pid":5300,"applicationName":"@cyanheads/git-mcp-server","applicationVersion":"2.6.5","nodeEnvironment":"development","requestId":"KE0C8-KXGWQ","timestamp":"2026-07-13T05:46:02.264Z","operation":"ServerStartup","msg":"Starting @cyanheads/git-mcp-server (v2.6.5)..."}
{"level":30,"time":1783921562264,"env":"development","version":"2.6.5","pid":5300,"transport":"stdio","requestId":"M183I-NXTZ2","timestamp":"2026-07-13T05:46:02.264Z","operation":"TransportManager.start","msg":"Starting transport: stdio"}
{"level":30,"time":1783921562265,"env":"development","version":"2.6.5","pid":5300,"requestId":"PY94U-05JZG","timestamp":"2026-07-13T05:46:02.265Z","operation":"createMcpServerInstance","msg":"Initializing MCP server instance"}
{"level":20,"time":1783921562265,"env":"development","version":"2.6.5","pid":5300,"requestId":"JNEQC-KX1G3","timestamp":"2026-07-13T05:46:02.265Z","newConfigState":{"appName":"@cyanheads/git-mcp-server","appVersion":"2.6.5","environment":"development"},"operation":"RequestContextService.configure","msg":"RequestContextService configuration updated"}
{"level":20,"time":1783921562269,"env":"development","version":"2.6.5","pid":5300,"requestId":"PY94U-05JZG","timestamp":"2026-07-13T05:46:02.265Z","operation":"createMcpServerInstance","msg":"Registering all MCP capabilities via registries..."}
{"level":30,"time":1783921562270,"env":"development","version":"2.6.5","pid":5300,"requestId":"OFF7H-GXSQS","timestamp":"2026-07-13T05:46:02.270Z","operation":"ToolRegistry.registerAll","msg":"Registering 27 tool(s)..."}
{"level":20,"time":1783921562270,"env":"development","version":"2.6.5","pid":5300,"toolName":"git_add","requestId":"QXJBE-KYSL8","timestamp":"2026-07-13T05:46:02.270Z","operation":"ToolRegistry.registerTool","msg":"Registering tool: 'git_add'"}
{"level":30,"time":1783921562271,"env":"development","version":"2.6.5","pid":5300,"toolName":"git_add","requestId":"QXJBE-KYSL8","timestamp":"2026-07-13T05:46:02.270Z","operation":"ToolRegistry.registerTool","msg":"Tool 'git_add' registered successfully."}
{"level":20,"time":1783921562271,"env":"development","version":"2.6.5","pid":5300,"toolName":"git_blame","requestId":"ID0JH-GO4CE","timestamp":"2026-07-13T05:46:02.271Z","operation":"ToolRegistry.registerTool","msg":"Registering tool: 'git_blame'"}
{"level":30,"time":1783921562272,"env":"development","version":"2.6.5","pid":5300,"toolName":"git_blame","requestId":"ID0JH-GO4CE","timestamp":"2026-07-13T05:46:02.271Z","operation":"ToolRegistry.registerTool","msg":"Tool 'git_blame' registered successfully."}
{"level":20,"time":1783921562272,"env":"development","version":"2.6.5","pid":5300,"toolName":"git_branch","requestId":"9M3UA-2YJIE","timestamp":"2026-07-13T05:46:02.272Z","operation":"ToolRegistry.registerTool","msg":"Registering tool: 'git_branch'"}
{"level":30,"time":1783921562272,"env":"development","version":"2.6.5","pid":5300,"toolName":"git_branch","requestId":"9M3UA-2YJIE","timestamp":"2026-07-13T05:46:02.272Z","operation":"ToolRegistry.registerTool","msg":"Tool 'git_branch' registered successfully."}
{"level":20,"time":1783921562272,"env":"development","version":"2.6.5","pid":5300,"toolName":"git_checkout","requestId":"259NZ-X0D5Z","timestamp":"2026-07-13T05:46:02.272Z","operation":"ToolRegistry.registerTool","msg":"Registering tool: 'git_checkout'"}
{"level":30,"time":1783921562272,"env":"development","version":"2.6.5","pid":5300,"toolName":"git_checkout","requestId":"259NZ-X0D5Z","timestamp":"2026-07-13T05:46:02.272Z","operation":"ToolRegistry.registerTool","msg":"Tool 'git_checkout' registered successfully."}
{"level":20,"time":1783921562272,"env":"development","version":"2.6.5","pid":5300,"toolName":"git_cherry_pick","requestId":"ET4WW-YLBOE","timestamp":"2026-07-13T05:46:02.272Z","operation":"ToolRegistry.registerTool","msg":"Registering tool: 'git_cherry_pick'"}
{"level":30,"time":1783921562272,"env":"development","version":"2.6.5","pid":5300,"toolName":"git_cherry_pick","requestId":"ET4WW-YLBOE","timestamp":"2026-07-13T05:46:02.272Z","operation":"ToolRegistry.registerTool","msg":"Tool 'git_cherry_pick' registered successfully."}
{"level":20,"time":1783921562272,"env":"development","version":"2.6.5","pid":5300,"toolName":"git_clean","requestId":"JBA7R-2IZ19","timestamp":"2026-07-13T05:46:02.272Z","operation":"ToolRegistry.registerTool","msg":"Registering tool: 'git_clean'"}
{"level":30,"time":1783921562272,"env":"development","version":"2.6.5","pid":5300,"toolName":"git_clean","requestId":"JBA7R-2IZ19","timestamp":"2026-07-13T05:46:02.272Z","operation":"ToolRegistry.registerTool","msg":"Tool 'git_clean' registered successfully."}
{"level":20,"time":1783921562272,"env":"development","version":"2.6.5","pid":5300,"toolName":"git_clear_working_dir","requestId":"FIJR0-YX1PJ","timestamp":"2026-07-13T05:46:02.272Z","operation":"ToolRegistry.registerTool","msg":"Registering tool: 'git_clear_working_dir'"}
{"level":30,"time":1783921562272,"env":"development","version":"2.6.5","pid":5300,"toolName":"git_clear_working_dir","requestId":"FIJR0-YX1PJ","timestamp":"2026-07-13T05:46:02.272Z","operation":"ToolRegistry.registerTool","msg":"Tool 'git_clear_working_dir' registered successfully."}
{"level":20,"time":1783921562272,"env":"development","version":"2.6.5","pid":5300,"toolName":"git_clone","requestId":"UEH7P-YPG33","timestamp":"2026-07-13T05:46:02.272Z","operation":"ToolRegistry.registerTool","msg":"Registering tool: 'git_clone'"}
{"level":30,"time":1783921562272,"env":"development","version":"2.6.5","pid":5300,"toolName":"git_clone","requestId":"UEH7P-YPG33","timestamp":"2026-07-13T05:46:02.272Z","operation":"ToolRegistry.registerTool","msg":"Tool 'git_clone' registered successfully."}
{"level":20,"time":1783921562272,"env":"development","version":"2.6.5","pid":5300,"toolName":"git_commit","requestId":"8KU9N-4IGVJ","timestamp":"2026-07-13T05:46:02.272Z","operation":"ToolRegistry.registerTool","msg":"Registering tool: 'git_commit'"}
{"level":30,"time":1783921562272,"env":"development","version":"2.6.5","pid":5300,"toolName":"git_commit","requestId":"8KU9N-4IGVJ","timestamp":"2026-07-13T05:46:02.272Z","operation":"ToolRegistry.registerTool","msg":"Tool 'git_commit' registered successfully."}
{"level":20,"time":1783921562272,"env":"development","version":"2.6.5","pid":5300,"toolName":"git_diff","requestId":"RZEJ5-NRUMA","timestamp":"2026-07-13T05:46:02.272Z","operation":"ToolRegistry.registerTool","msg":"Registering tool: 'git_diff'"}
{"level":30,"time":1783921562272,"env":"development","version":"2.6.5","pid":5300,"toolName":"git_diff","requestId":"RZEJ5-NRUMA","timestamp":"2026-07-13T05:46:02.272Z","operation":"ToolRegistry.registerTool","msg":"Tool 'git_diff' registered successfully."}
{"level":20,"time":1783921562272,"env":"development","version":"2.6.5","pid":5300,"toolName":"git_fetch","requestId":"XG2EC-C3M3H","timestamp":"2026-07-13T05:46:02.272Z","operation":"ToolRegistry.registerTool","msg":"Registering tool: 'git_fetch'"}
{"level":30,"time":1783921562272,"env":"development","version":"2.6.5","pid":5300,"toolName":"git_fetch","requestId":"XG2EC-C3M3H","timestamp":"2026-07-13T05:46:02.272Z","operation":"ToolRegistry.registerTool","msg":"Tool 'git_fetch' registered successfully."}
{"level":20,"time":1783921562272,"env":"development","version":"2.6.5","pid":5300,"toolName":"git_init","requestId":"8K7VW-AR7VP","timestamp":"2026-07-13T05:46:02.272Z","operation":"ToolRegistry.registerTool","msg":"Registering tool: 'git_init'"}
{"level":30,"time":1783921562272,"env":"development","version":"2.6.5","pid":5300,"toolName":"git_init","requestId":"8K7VW-AR7VP","timestamp":"2026-07-13T05:46:02.272Z","operation":"ToolRegistry.registerTool","msg":"Tool 'git_init' registered successfully."}
{"level":20,"time":1783921562272,"env":"development","version":"2.6.5","pid":5300,"toolName":"git_log","requestId":"JSYA0-MPVED","timestamp":"2026-07-13T05:46:02.272Z","operation":"ToolRegistry.registerTool","msg":"Registering tool: 'git_log'"}
{"level":30,"time":1783921562272,"env":"development","version":"2.6.5","pid":5300,"toolName":"git_log","requestId":"JSYA0-MPVED","timestamp":"2026-07-13T05:46:02.272Z","operation":"ToolRegistry.registerTool","msg":"Tool 'git_log' registered successfully."}
{"level":20,"time":1783921562272,"env":"development","version":"2.6.5","pid":5300,"toolName":"git_merge","requestId":"7N8VX-LO58A","timestamp":"2026-07-13T05:46:02.272Z","operation":"ToolRegistry.registerTool","msg":"Registering tool: 'git_merge'"}
{"level":30,"time":1783921562272,"env":"development","version":"2.6.5","pid":5300,"toolName":"git_merge","requestId":"7N8VX-LO58A","timestamp":"2026-07-13T05:46:02.272Z","operation":"ToolRegistry.registerTool","msg":"Tool 'git_merge' registered successfully."}
{"level":20,"time":1783921562272,"env":"development","version":"2.6.5","pid":5300,"toolName":"git_pull","requestId":"8756J-3BQOV","timestamp":"2026-07-13T05:46:02.272Z","operation":"ToolRegistry.registerTool","msg":"Registering tool: 'git_pull'"}
{"level":30,"time":1783921562272,"env":"development","version":"2.6.5","pid":5300,"toolName":"git_pull","requestId":"8756J-3BQOV","timestamp":"2026-07-13T05:46:02.272Z","operation":"ToolRegistry.registerTool","msg":"Tool 'git_pull' registered successfully."}
{"level":20,"time":1783921562272,"env":"development","version":"2.6.5","pid":5300,"toolName":"git_push","requestId":"RNINL-N8JOK","timestamp":"2026-07-13T05:46:02.272Z","operation":"ToolRegistry.registerTool","msg":"Registering tool: 'git_push'"}
{"level":30,"time":1783921562272,"env":"development","version":"2.6.5","pid":5300,"toolName":"git_push","requestId":"RNINL-N8JOK","timestamp":"2026-07-13T05:46:02.272Z","operation":"ToolRegistry.registerTool","msg":"Tool 'git_push' registered successfully."}
{"level":20,"time":1783921562272,"env":"development","version":"2.6.5","pid":5300,"toolName":"git_rebase","requestId":"6PLTF-N992B","timestamp":"2026-07-13T05:46:02.272Z","operation":"ToolRegistry.registerTool","msg":"Registering tool: 'git_rebase'"}
{"level":30,"time":1783921562272,"env":"development","version":"2.6.5","pid":5300,"toolName":"git_rebase","requestId":"6PLTF-N992B","timestamp":"2026-07-13T05:46:02.272Z","operation":"ToolRegistry.registerTool","msg":"Tool 'git_rebase' registered successfully."}
{"level":20,"time":1783921562272,"env":"development","version":"2.6.5","pid":5300,"toolName":"git_reflog","requestId":"V32GI-BYVE8","timestamp":"2026-07-13T05:46:02.272Z","operation":"ToolRegistry.registerTool","msg":"Registering tool: 'git_reflog'"}
{"level":30,"time":1783921562272,"env":"development","version":"2.6.5","pid":5300,"toolName":"git_reflog","requestId":"V32GI-BYVE8","timestamp":"2026-07-13T05:46:02.272Z","operation":"ToolRegistry.registerTool","msg":"Tool 'git_reflog' registered successfully."}
{"level":20,"time":1783921562272,"env":"development","version":"2.6.5","pid":5300,"toolName":"git_remote","requestId":"A5GYG-I8EWJ","timestamp":"2026-07-13T05:46:02.272Z","operation":"ToolRegistry.registerTool","msg":"Registering tool: 'git_remote'"}
{"level":30,"time":1783921562272,"env":"development","version":"2.6.5","pid":5300,"toolName":"git_remote","requestId":"A5GYG-I8EWJ","timestamp":"2026-07-13T05:46:02.272Z","operation":"ToolRegistry.registerTool","msg":"Tool 'git_remote' registered successfully."}
{"level":20,"time":1783921562272,"env":"development","version":"2.6.5","pid":5300,"toolName":"git_reset","requestId":"WXFAG-Y4P7D","timestamp":"2026-07-13T05:46:02.272Z","operation":"ToolRegistry.registerTool","msg":"Registering tool: 'git_reset'"}
{"level":30,"time":1783921562272,"env":"development","version":"2.6.5","pid":5300,"toolName":"git_reset","requestId":"WXFAG-Y4P7D","timestamp":"2026-07-13T05:46:02.272Z","operation":"ToolRegistry.registerTool","msg":"Tool 'git_reset' registered successfully."}
{"level":20,"time":1783921562272,"env":"development","version":"2.6.5","pid":5300,"toolName":"git_set_working_dir","requestId":"QKGYD-PZ50T","timestamp":"2026-07-13T05:46:02.272Z","operation":"ToolRegistry.registerTool","msg":"Registering tool: 'git_set_working_dir'"}
{"level":30,"time":1783921562272,"env":"development","version":"2.6.5","pid":5300,"toolName":"git_set_working_dir","requestId":"QKGYD-PZ50T","timestamp":"2026-07-13T05:46:02.272Z","operation":"ToolRegistry.registerTool","msg":"Tool 'git_set_working_dir' registered successfully."}
{"level":20,"time":1783921562272,"env":"development","version":"2.6.5","pid":5300,"toolName":"git_show","requestId":"Z5YXS-O7OWH","timestamp":"2026-07-13T05:46:02.272Z","operation":"ToolRegistry.registerTool","msg":"Registering tool: 'git_show'"}
{"level":30,"time":1783921562272,"env":"development","version":"2.6.5","pid":5300,"toolName":"git_show","requestId":"Z5YXS-O7OWH","timestamp":"2026-07-13T05:46:02.272Z","operation":"ToolRegistry.registerTool","msg":"Tool 'git_show' registered successfully."}
{"level":20,"time":1783921562272,"env":"development","version":"2.6.5","pid":5300,"toolName":"git_stash","requestId":"NBBVO-RG63G","timestamp":"2026-07-13T05:46:02.272Z","operation":"ToolRegistry.registerTool","msg":"Registering tool: 'git_stash'"}
{"level":30,"time":1783921562272,"env":"development","version":"2.6.5","pid":5300,"toolName":"git_stash","requestId":"NBBVO-RG63G","timestamp":"2026-07-13T05:46:02.272Z","operation":"ToolRegistry.registerTool","msg":"Tool 'git_stash' registered successfully."}
{"level":20,"time":1783921562272,"env":"development","version":"2.6.5","pid":5300,"toolName":"git_status","requestId":"ZSDUP-WMLFL","timestamp":"2026-07-13T05:46:02.272Z","operation":"ToolRegistry.registerTool","msg":"Registering tool: 'git_status'"}
{"level":30,"time":1783921562272,"env":"development","version":"2.6.5","pid":5300,"toolName":"git_status","requestId":"ZSDUP-WMLFL","timestamp":"2026-07-13T05:46:02.272Z","operation":"ToolRegistry.registerTool","msg":"Tool 'git_status' registered successfully."}
{"level":20,"time":1783921562272,"env":"development","version":"2.6.5","pid":5300,"toolName":"git_tag","requestId":"828XU-SV6UO","timestamp":"2026-07-13T05:46:02.272Z","operation":"ToolRegistry.registerTool","msg":"Registering tool: 'git_tag'"}
{"level":30,"time":1783921562272,"env":"development","version":"2.6.5","pid":5300,"toolName":"git_tag","requestId":"828XU-SV6UO","timestamp":"2026-07-13T05:46:02.272Z","operation":"ToolRegistry.registerTool","msg":"Tool 'git_tag' registered successfully."}
{"level":20,"time":1783921562272,"env":"development","version":"2.6.5","pid":5300,"toolName":"git_worktree","requestId":"HLM2E-JCYAB","timestamp":"2026-07-13T05:46:02.272Z","operation":"ToolRegistry.registerTool","msg":"Registering tool: 'git_worktree'"}
{"level":30,"time":1783921562272,"env":"development","version":"2.6.5","pid":5300,"toolName":"git_worktree","requestId":"HLM2E-JCYAB","timestamp":"2026-07-13T05:46:02.272Z","operation":"ToolRegistry.registerTool","msg":"Tool 'git_worktree' registered successfully."}
{"level":20,"time":1783921562272,"env":"development","version":"2.6.5","pid":5300,"toolName":"git_wrapup_instructions","requestId":"XB8VT-Z7XKE","timestamp":"2026-07-13T05:46:02.272Z","operation":"ToolRegistry.registerTool","msg":"Registering tool: 'git_wrapup_instructions'"}
{"level":30,"time":1783921562272,"env":"development","version":"2.6.5","pid":5300,"toolName":"git_wrapup_instructions","requestId":"XB8VT-Z7XKE","timestamp":"2026-07-13T05:46:02.272Z","operation":"ToolRegistry.registerTool","msg":"Tool 'git_wrapup_instructions' registered successfully."}
{"level":30,"time":1783921562273,"env":"development","version":"2.6.5","pid":5300,"requestId":"11H5R-L5C3K","timestamp":"2026-07-13T05:46:02.273Z","operation":"ResourceRegistry.registerAll","msg":"Registering 1 resource(s)..."}
{"level":30,"time":1783921562273,"env":"development","version":"2.6.5","pid":5300,"requestId":"5ZV1D-44JIW","timestamp":"2026-07-13T05:46:02.273Z","resourceName":"git-working-directory","operation":"RegisterResource","msg":"Registering resource: 'git-working-directory'"}
{"level":30,"time":1783921562273,"env":"development","version":"2.6.5","pid":5300,"requestId":"5ZV1D-44JIW","timestamp":"2026-07-13T05:46:02.273Z","resourceName":"git-working-directory","operation":"RegisterResource","msg":"Resource 'git-working-directory' registered successfully."}
{"level":20,"time":1783921562273,"env":"development","version":"2.6.5","pid":5300,"requestId":"ZLHBO-B9F43","timestamp":"2026-07-13T05:46:02.273Z","operation":"PromptRegistry.registerAll","msg":"Registering 1 prompts..."}
{"level":20,"time":1783921562273,"env":"development","version":"2.6.5","pid":5300,"requestId":"ZLHBO-B9F43","timestamp":"2026-07-13T05:46:02.273Z","operation":"PromptRegistry.registerAll","msg":"Registering prompt: git_wrapup"}
{"level":30,"time":1783921562273,"env":"development","version":"2.6.5","pid":5300,"requestId":"ZLHBO-B9F43","timestamp":"2026-07-13T05:46:02.273Z","operation":"PromptRegistry.registerAll","msg":"Registered prompt: git_wrapup"}
{"level":30,"time":1783921562273,"env":"development","version":"2.6.5","pid":5300,"requestId":"ZLHBO-B9F43","timestamp":"2026-07-13T05:46:02.273Z","operation":"PromptRegistry.registerAll","msg":"Successfully registered 1 prompts"}
{"level":20,"time":1783921562273,"env":"development","version":"2.6.5","pid":5300,"requestId":"X61EN-1YAXE","timestamp":"2026-07-13T05:46:02.273Z","operation":"RootsRegistry.registerAll","msg":"Roots capability enabled (client-provided roots)"}
{"level":30,"time":1783921562273,"env":"development","version":"2.6.5","pid":5300,"requestId":"X61EN-1YAXE","timestamp":"2026-07-13T05:46:02.273Z","operation":"RootsRegistry.registerAll","msg":"Roots capability registered successfully"}
{"level":30,"time":1783921562273,"env":"development","version":"2.6.5","pid":5300,"requestId":"PY94U-05JZG","timestamp":"2026-07-13T05:46:02.265Z","operation":"createMcpServerInstance","msg":"All MCP capabilities registered successfully"}
{"level":30,"time":1783921562273,"env":"development","version":"2.6.5","pid":5300,"transport":"stdio","requestId":"M183I-NXTZ2","timestamp":"2026-07-13T05:46:02.264Z","operation":"connectStdioTransport","transportType":"Stdio","msg":"Attempting to connect stdio transport..."}
{"level":20,"time":1783921562273,"env":"development","version":"2.6.5","pid":5300,"transport":"stdio","requestId":"M183I-NXTZ2","timestamp":"2026-07-13T05:46:02.264Z","operation":"connectStdioTransport","transportType":"Stdio","msg":"Creating StdioServerTransport instance..."}
{"level":20,"time":1783921562274,"env":"development","version":"2.6.5","pid":5300,"transport":"stdio","requestId":"M183I-NXTZ2","timestamp":"2026-07-13T05:46:02.264Z","operation":"connectStdioTransport","transportType":"Stdio","msg":"Connecting McpServer instance to StdioServerTransport..."}
{"level":30,"time":1783921562274,"env":"development","version":"2.6.5","pid":5300,"transport":"stdio","requestId":"M183I-NXTZ2","timestamp":"2026-07-13T05:46:02.264Z","operation":"connectStdioTransport","transportType":"Stdio","msg":"MCP Server connected and listening via stdio transport."}
{"level":30,"time":1783921562274,"env":"development","version":"2.6.5","pid":5300,"applicationName":"@cyanheads/git-mcp-server","applicationVersion":"2.6.5","nodeEnvironment":"development","requestId":"KE0C8-KXGWQ","timestamp":"2026-07-13T05:46:02.264Z","operation":"ServerStartup","msg":"@cyanheads/git-mcp-server is now running and ready."}
{"level":30,"time":1783921562259,"env":"development","version":"2.6.5","pid":5381,"requestId":"2CK5R-AEAG2","timestamp":"2026-07-13T05:46:02.257Z","operation":"loggerInit","msg":"Logger initialized. MCP level: debug."}
{"level":30,"time":1783921562260,"env":"development","version":"2.6.5","pid":5381,"requestId":"9G3WR-1XE7J","timestamp":"2026-07-13T05:46:02.260Z","operation":"LoggerInit","msg":"Logger initialized. Effective MCP logging level: debug."}
{"level":30,"time":1783921562260,"env":"development","version":"2.6.5","pid":5381,"runtime":"node","runtimeVersion":"Node.js 26.3.0","requestId":"NPB3C-8QKEN","timestamp":"2026-07-13T05:46:02.260Z","operation":"RuntimeDetection","msg":"Runtime detected: Node.js 26.3.0"}
{"level":30,"time":1783921562260,"env":"development","version":"2.6.5","pid":5381,"requestId":"FI9HX-OG3YZ","timestamp":"2026-07-13T05:46:02.260Z","operation":"StorageInit","msg":"Storage service initialized with provider: in-memory"}
{"level":30,"time":1783921562261,"env":"development","version":"2.6.5","pid":5381,"applicationName":"@cyanheads/git-mcp-server","applicationVersion":"2.6.5","nodeEnvironment":"development","requestId":"DY32K-64UUS","timestamp":"2026-07-13T05:46:02.261Z","operation":"ServerStartup","msg":"Starting @cyanheads/git-mcp-server (v2.6.5)..."}
{"level":30,"time":1783921562261,"env":"development","version":"2.6.5","pid":5381,"transport":"stdio","requestId":"SA2HB-ZYH6L","timestamp":"2026-07-13T05:46:02.261Z","operation":"TransportManager.start","msg":"Starting transport: stdio"}
{"level":30,"time":1783921562261,"env":"development","version":"2.6.5","pid":5381,"requestId":"C5UCB-04EU9","timestamp":"2026-07-13T05:46:02.261Z","operation":"createMcpServerInstance","msg":"Initializing MCP server instance"}
{"level":20,"time":1783921562261,"env":"development","version":"2.6.5","pid":5381,"requestId":"29AUJ-0ONT3","timestamp":"2026-07-13T05:46:02.261Z","newConfigState":{"appName":"@cyanheads/git-mcp-server","appVersion":"2.6.5","environment":"development"},"operation":"RequestContextService.configure","msg":"RequestContextService configuration updated"}
{"level":20,"time":1783921562286,"env":"development","version":"2.6.5","pid":5381,"requestId":"C5UCB-04EU9","timestamp":"2026-07-13T05:46:02.261Z","operation":"createMcpServerInstance","msg":"Registering all MCP capabilities via registries..."}
{"level":30,"time":1783921562287,"env":"development","version":"2.6.5","pid":5381,"requestId":"MJ3LM-7L04I","timestamp":"2026-07-13T05:46:02.286Z","operation":"ToolRegistry.registerAll","msg":"Registering 27 tool(s)..."}
{"level":20,"time":1783921562287,"env":"development","version":"2.6.5","pid":5381,"toolName":"git_add","requestId":"4MQW5-FX65T","timestamp":"2026-07-13T05:46:02.287Z","operation":"ToolRegistry.registerTool","msg":"Registering tool: 'git_add'"}
{"level":30,"time":1783921562289,"env":"development","version":"2.6.5","pid":5381,"toolName":"git_add","requestId":"4MQW5-FX65T","timestamp":"2026-07-13T05:46:02.287Z","operation":"ToolRegistry.registerTool","msg":"Tool 'git_add' registered successfully."}
{"level":20,"time":1783921562289,"env":"development","version":"2.6.5","pid":5381,"toolName":"git_blame","requestId":"ESI0G-UOHB2","timestamp":"2026-07-13T05:46:02.289Z","operation":"ToolRegistry.registerTool","msg":"Registering tool: 'git_blame'"}
{"level":30,"time":1783921562289,"env":"development","version":"2.6.5","pid":5381,"toolName":"git_blame","requestId":"ESI0G-UOHB2","timestamp":"2026-07-13T05:46:02.289Z","operation":"ToolRegistry.registerTool","msg":"Tool 'git_blame' registered successfully."}
{"level":20,"time":1783921562289,"env":"development","version":"2.6.5","pid":5381,"toolName":"git_branch","requestId":"Z6T48-DN6SE","timestamp":"2026-07-13T05:46:02.289Z","operation":"ToolRegistry.registerTool","msg":"Registering tool: 'git_branch'"}
{"level":30,"time":1783921562289,"env":"development","version":"2.6.5","pid":5381,"toolName":"git_branch","requestId":"Z6T48-DN6SE","timestamp":"2026-07-13T05:46:02.289Z","operation":"ToolRegistry.registerTool","msg":"Tool 'git_branch' registered successfully."}
{"level":20,"time":1783921562289,"env":"development","version":"2.6.5","pid":5381,"toolName":"git_checkout","requestId":"KKMXS-BLRZ5","timestamp":"2026-07-13T05:46:02.289Z","operation":"ToolRegistry.registerTool","msg":"Registering tool: 'git_checkout'"}
{"level":30,"time":1783921562289,"env":"development","version":"2.6.5","pid":5381,"toolName":"git_checkout","requestId":"KKMXS-BLRZ5","timestamp":"2026-07-13T05:46:02.289Z","operation":"ToolRegistry.registerTool","msg":"Tool 'git_checkout' registered successfully."}
{"level":20,"time":1783921562289,"env":"development","version":"2.6.5","pid":5381,"toolName":"git_cherry_pick","requestId":"SKAK5-RIOP5","timestamp":"2026-07-13T05:46:02.289Z","operation":"ToolRegistry.registerTool","msg":"Registering tool: 'git_cherry_pick'"}
{"level":30,"time":1783921562289,"env":"development","version":"2.6.5","pid":5381,"toolName":"git_cherry_pick","requestId":"SKAK5-RIOP5","timestamp":"2026-07-13T05:46:02.289Z","operation":"ToolRegistry.registerTool","msg":"Tool 'git_cherry_pick' registered successfully."}
{"level":20,"time":1783921562289,"env":"development","version":"2.6.5","pid":5381,"toolName":"git_clean","requestId":"LJ6PO-MVVAQ","timestamp":"2026-07-13T05:46:02.289Z","operation":"ToolRegistry.registerTool","msg":"Registering tool: 'git_clean'"}
{"level":30,"time":1783921562289,"env":"development","version":"2.6.5","pid":5381,"toolName":"git_clean","requestId":"LJ6PO-MVVAQ","timestamp":"2026-07-13T05:46:02.289Z","operation":"ToolRegistry.registerTool","msg":"Tool 'git_clean' registered successfully."}
{"level":20,"time":1783921562289,"env":"development","version":"2.6.5","pid":5381,"toolName":"git_clear_working_dir","requestId":"0AIDJ-L0C8U","timestamp":"2026-07-13T05:46:02.289Z","operation":"ToolRegistry.registerTool","msg":"Registering tool: 'git_clear_working_dir'"}
{"level":30,"time":1783921562289,"env":"development","version":"2.6.5","pid":5381,"toolName":"git_clear_working_dir","requestId":"0AIDJ-L0C8U","timestamp":"2026-07-13T05:46:02.289Z","operation":"ToolRegistry.registerTool","msg":"Tool 'git_clear_working_dir' registered successfully."}
{"level":20,"time":1783921562289,"env":"development","version":"2.6.5","pid":5381,"toolName":"git_clone","requestId":"4GID9-1FUV8","timestamp":"2026-07-13T05:46:02.289Z","operation":"ToolRegistry.registerTool","msg":"Registering tool: 'git_clone'"}
{"level":30,"time":1783921562289,"env":"development","version":"2.6.5","pid":5381,"toolName":"git_clone","requestId":"4GID9-1FUV8","timestamp":"2026-07-13T05:46:02.289Z","operation":"ToolRegistry.registerTool","msg":"Tool 'git_clone' registered successfully."}
{"level":20,"time":1783921562289,"env":"development","version":"2.6.5","pid":5381,"toolName":"git_commit","requestId":"XH8U2-A27QD","timestamp":"2026-07-13T05:46:02.289Z","operation":"ToolRegistry.registerTool","msg":"Registering tool: 'git_commit'"}
{"level":30,"time":1783921562289,"env":"development","version":"2.6.5","pid":5381,"toolName":"git_commit","requestId":"XH8U2-A27QD","timestamp":"2026-07-13T05:46:02.289Z","operation":"ToolRegistry.registerTool","msg":"Tool 'git_commit' registered successfully."}
{"level":20,"time":1783921562289,"env":"development","version":"2.6.5","pid":5381,"toolName":"git_diff","requestId":"5XTGP-WHOMK","timestamp":"2026-07-13T05:46:02.289Z","operation":"ToolRegistry.registerTool","msg":"Registering tool: 'git_diff'"}
{"level":30,"time":1783921562289,"env":"development","version":"2.6.5","pid":5381,"toolName":"git_diff","requestId":"5XTGP-WHOMK","timestamp":"2026-07-13T05:46:02.289Z","operation":"ToolRegistry.registerTool","msg":"Tool 'git_diff' registered successfully."}
{"level":20,"time":1783921562289,"env":"development","version":"2.6.5","pid":5381,"toolName":"git_fetch","requestId":"QNGJE-CEM0P","timestamp":"2026-07-13T05:46:02.289Z","operation":"ToolRegistry.registerTool","msg":"Registering tool: 'git_fetch'"}
{"level":30,"time":1783921562289,"env":"development","version":"2.6.5","pid":5381,"toolName":"git_fetch","requestId":"QNGJE-CEM0P","timestamp":"2026-07-13T05:46:02.289Z","operation":"ToolRegistry.registerTool","msg":"Tool 'git_fetch' registered successfully."}
{"level":20,"time":1783921562289,"env":"development","version":"2.6.5","pid":5381,"toolName":"git_init","requestId":"7K1OW-LT1BJ","timestamp":"2026-07-13T05:46:02.289Z","operation":"ToolRegistry.registerTool","msg":"Registering tool: 'git_init'"}
{"level":30,"time":1783921562289,"env":"development","version":"2.6.5","pid":5381,"toolName":"git_init","requestId":"7K1OW-LT1BJ","timestamp":"2026-07-13T05:46:02.289Z","operation":"ToolRegistry.registerTool","msg":"Tool 'git_init' registered successfully."}
{"level":20,"time":1783921562289,"env":"development","version":"2.6.5","pid":5381,"toolName":"git_log","requestId":"S0EXS-XZDIC","timestamp":"2026-07-13T05:46:02.289Z","operation":"ToolRegistry.registerTool","msg":"Registering tool: 'git_log'"}
{"level":30,"time":1783921562289,"env":"development","version":"2.6.5","pid":5381,"toolName":"git_log","requestId":"S0EXS-XZDIC","timestamp":"2026-07-13T05:46:02.289Z","operation":"ToolRegistry.registerTool","msg":"Tool 'git_log' registered successfully."}
{"level":20,"time":1783921562289,"env":"development","version":"2.6.5","pid":5381,"toolName":"git_merge","requestId":"AHMK4-KSA5L","timestamp":"2026-07-13T05:46:02.289Z","operation":"ToolRegistry.registerTool","msg":"Registering tool: 'git_merge'"}
{"level":30,"time":1783921562289,"env":"development","version":"2.6.5","pid":5381,"toolName":"git_merge","requestId":"AHMK4-KSA5L","timestamp":"2026-07-13T05:46:02.289Z","operation":"ToolRegistry.registerTool","msg":"Tool 'git_merge' registered successfully."}
{"level":20,"time":1783921562289,"env":"development","version":"2.6.5","pid":5381,"toolName":"git_pull","requestId":"DXBQE-QC4KN","timestamp":"2026-07-13T05:46:02.289Z","operation":"ToolRegistry.registerTool","msg":"Registering tool: 'git_pull'"}
{"level":30,"time":1783921562289,"env":"development","version":"2.6.5","pid":5381,"toolName":"git_pull","requestId":"DXBQE-QC4KN","timestamp":"2026-07-13T05:46:02.289Z","operation":"ToolRegistry.registerTool","msg":"Tool 'git_pull' registered successfully."}
{"level":20,"time":1783921562290,"env":"development","version":"2.6.5","pid":5381,"toolName":"git_push","requestId":"3R63R-F27WH","timestamp":"2026-07-13T05:46:02.290Z","operation":"ToolRegistry.registerTool","msg":"Registering tool: 'git_push'"}
{"level":30,"time":1783921562290,"env":"development","version":"2.6.5","pid":5381,"toolName":"git_push","requestId":"3R63R-F27WH","timestamp":"2026-07-13T05:46:02.290Z","operation":"ToolRegistry.registerTool","msg":"Tool 'git_push' registered successfully."}
{"level":20,"time":1783921562290,"env":"development","version":"2.6.5","pid":5381,"toolName":"git_rebase","requestId":"BE6SV-HOILJ","timestamp":"2026-07-13T05:46:02.290Z","operation":"ToolRegistry.registerTool","msg":"Registering tool: 'git_rebase'"}
{"level":30,"time":1783921562290,"env":"development","version":"2.6.5","pid":5381,"toolName":"git_rebase","requestId":"BE6SV-HOILJ","timestamp":"2026-07-13T05:46:02.290Z","operation":"ToolRegistry.registerTool","msg":"Tool 'git_rebase' registered successfully."}
{"level":20,"time":1783921562290,"env":"development","version":"2.6.5","pid":5381,"toolName":"git_reflog","requestId":"XZ4J4-SI7WO","timestamp":"2026-07-13T05:46:02.290Z","operation":"ToolRegistry.registerTool","msg":"Registering tool: 'git_reflog'"}
{"level":30,"time":1783921562290,"env":"development","version":"2.6.5","pid":5381,"toolName":"git_reflog","requestId":"XZ4J4-SI7WO","timestamp":"2026-07-13T05:46:02.290Z","operation":"ToolRegistry.registerTool","msg":"Tool 'git_reflog' registered successfully."}
{"level":20,"time":1783921562290,"env":"development","version":"2.6.5","pid":5381,"toolName":"git_remote","requestId":"QNJHO-F0MZJ","timestamp":"2026-07-13T05:46:02.290Z","operation":"ToolRegistry.registerTool","msg":"Registering tool: 'git_remote'"}
{"level":30,"time":1783921562290,"env":"development","version":"2.6.5","pid":5381,"toolName":"git_remote","requestId":"QNJHO-F0MZJ","timestamp":"2026-07-13T05:46:02.290Z","operation":"ToolRegistry.registerTool","msg":"Tool 'git_remote' registered successfully."}
{"level":20,"time":1783921562290,"env":"development","version":"2.6.5","pid":5381,"toolName":"git_reset","requestId":"CWM7A-0602E","timestamp":"2026-07-13T05:46:02.290Z","operation":"ToolRegistry.registerTool","msg":"Registering tool: 'git_reset'"}
{"level":30,"time":1783921562290,"env":"development","version":"2.6.5","pid":5381,"toolName":"git_reset","requestId":"CWM7A-0602E","timestamp":"2026-07-13T05:46:02.290Z","operation":"ToolRegistry.registerTool","msg":"Tool 'git_reset' registered successfully."}
{"level":20,"time":1783921562290,"env":"development","version":"2.6.5","pid":5381,"toolName":"git_set_working_dir","requestId":"0AIT8-EEYQO","timestamp":"2026-07-13T05:46:02.290Z","operation":"ToolRegistry.registerTool","msg":"Registering tool: 'git_set_working_dir'"}
{"level":30,"time":1783921562290,"env":"development","version":"2.6.5","pid":5381,"toolName":"git_set_working_dir","requestId":"0AIT8-EEYQO","timestamp":"2026-07-13T05:46:02.290Z","operation":"ToolRegistry.registerTool","msg":"Tool 'git_set_working_dir' registered successfully."}
{"level":20,"time":1783921562290,"env":"development","version":"2.6.5","pid":5381,"toolName":"git_show","requestId":"EYRRS-MBHGA","timestamp":"2026-07-13T05:46:02.290Z","operation":"ToolRegistry.registerTool","msg":"Registering tool: 'git_show'"}
{"level":30,"time":1783921562290,"env":"development","version":"2.6.5","pid":5381,"toolName":"git_show","requestId":"EYRRS-MBHGA","timestamp":"2026-07-13T05:46:02.290Z","operation":"ToolRegistry.registerTool","msg":"Tool 'git_show' registered successfully."}
{"level":20,"time":1783921562290,"env":"development","version":"2.6.5","pid":5381,"toolName":"git_stash","requestId":"D1SIT-SPTJ8","timestamp":"2026-07-13T05:46:02.290Z","operation":"ToolRegistry.registerTool","msg":"Registering tool: 'git_stash'"}
{"level":30,"time":1783921562290,"env":"development","version":"2.6.5","pid":5381,"toolName":"git_stash","requestId":"D1SIT-SPTJ8","timestamp":"2026-07-13T05:46:02.290Z","operation":"ToolRegistry.registerTool","msg":"Tool 'git_stash' registered successfully."}
{"level":20,"time":1783921562290,"env":"development","version":"2.6.5","pid":5381,"toolName":"git_status","requestId":"ECRNI-L2NCY","timestamp":"2026-07-13T05:46:02.290Z","operation":"ToolRegistry.registerTool","msg":"Registering tool: 'git_status'"}
{"level":30,"time":1783921562290,"env":"development","version":"2.6.5","pid":5381,"toolName":"git_status","requestId":"ECRNI-L2NCY","timestamp":"2026-07-13T05:46:02.290Z","operation":"ToolRegistry.registerTool","msg":"Tool 'git_status' registered successfully."}
{"level":20,"time":1783921562290,"env":"development","version":"2.6.5","pid":5381,"toolName":"git_tag","requestId":"K0RIN-7K9XH","timestamp":"2026-07-13T05:46:02.290Z","operation":"ToolRegistry.registerTool","msg":"Registering tool: 'git_tag'"}
{"level":30,"time":1783921562290,"env":"development","version":"2.6.5","pid":5381,"toolName":"git_tag","requestId":"K0RIN-7K9XH","timestamp":"2026-07-13T05:46:02.290Z","operation":"ToolRegistry.registerTool","msg":"Tool 'git_tag' registered successfully."}
{"level":20,"time":1783921562290,"env":"development","version":"2.6.5","pid":5381,"toolName":"git_worktree","requestId":"YHXD7-ZV9YA","timestamp":"2026-07-13T05:46:02.290Z","operation":"ToolRegistry.registerTool","msg":"Registering tool: 'git_worktree'"}
{"level":30,"time":1783921562290,"env":"development","version":"2.6.5","pid":5381,"toolName":"git_worktree","requestId":"YHXD7-ZV9YA","timestamp":"2026-07-13T05:46:02.290Z","operation":"ToolRegistry.registerTool","msg":"Tool 'git_worktree' registered successfully."}
{"level":20,"time":1783921562290,"env":"development","version":"2.6.5","pid":5381,"toolName":"git_wrapup_instructions","requestId":"BR4LI-GDNP4","timestamp":"2026-07-13T05:46:02.290Z","operation":"ToolRegistry.registerTool","msg":"Registering tool: 'git_wrapup_instructions'"}
{"level":30,"time":1783921562290,"env":"development","version":"2.6.5","pid":5381,"toolName":"git_wrapup_instructions","requestId":"BR4LI-GDNP4","timestamp":"2026-07-13T05:46:02.290Z","operation":"ToolRegistry.registerTool","msg":"Tool 'git_wrapup_instructions' registered successfully."}
{"level":30,"time":1783921562290,"env":"development","version":"2.6.5","pid":5381,"requestId":"JK9J7-HXMQA","timestamp":"2026-07-13T05:46:02.290Z","operation":"ResourceRegistry.registerAll","msg":"Registering 1 resource(s)..."}
{"level":30,"time":1783921562290,"env":"development","version":"2.6.5","pid":5381,"requestId":"BU28O-DZ9UM","timestamp":"2026-07-13T05:46:02.290Z","resourceName":"git-working-directory","operation":"RegisterResource","msg":"Registering resource: 'git-working-directory'"}
{"level":30,"time":1783921562290,"env":"development","version":"2.6.5","pid":5381,"requestId":"BU28O-DZ9UM","timestamp":"2026-07-13T05:46:02.290Z","resourceName":"git-working-directory","operation":"RegisterResource","msg":"Resource 'git-working-directory' registered successfully."}
{"level":20,"time":1783921562291,"env":"development","version":"2.6.5","pid":5381,"requestId":"2Z0MX-11H3R","timestamp":"2026-07-13T05:46:02.291Z","operation":"PromptRegistry.registerAll","msg":"Registering 1 prompts..."}
{"level":20,"time":1783921562291,"env":"development","version":"2.6.5","pid":5381,"requestId":"2Z0MX-11H3R","timestamp":"2026-07-13T05:46:02.291Z","operation":"PromptRegistry.registerAll","msg":"Registering prompt: git_wrapup"}
{"level":30,"time":1783921562291,"env":"development","version":"2.6.5","pid":5381,"requestId":"2Z0MX-11H3R","timestamp":"2026-07-13T05:46:02.291Z","operation":"PromptRegistry.registerAll","msg":"Registered prompt: git_wrapup"}
{"level":30,"time":1783921562291,"env":"development","version":"2.6.5","pid":5381,"requestId":"2Z0MX-11H3R","timestamp":"2026-07-13T05:46:02.291Z","operation":"PromptRegistry.registerAll","msg":"Successfully registered 1 prompts"}
{"level":20,"time":1783921562291,"env":"development","version":"2.6.5","pid":5381,"requestId":"R691A-2Q14T","timestamp":"2026-07-13T05:46:02.291Z","operation":"RootsRegistry.registerAll","msg":"Roots capability enabled (client-provided roots)"}
{"level":30,"time":1783921562291,"env":"development","version":"2.6.5","pid":5381,"requestId":"R691A-2Q14T","timestamp":"2026-07-13T05:46:02.291Z","operation":"RootsRegistry.registerAll","msg":"Roots capability registered successfully"}
{"level":30,"time":1783921562291,"env":"development","version":"2.6.5","pid":5381,"requestId":"C5UCB-04EU9","timestamp":"2026-07-13T05:46:02.261Z","operation":"createMcpServerInstance","msg":"All MCP capabilities registered successfully"}
{"level":30,"time":1783921562291,"env":"development","version":"2.6.5","pid":5381,"transport":"stdio","requestId":"SA2HB-ZYH6L","timestamp":"2026-07-13T05:46:02.261Z","operation":"connectStdioTransport","transportType":"Stdio","msg":"Attempting to connect stdio transport..."}
{"level":20,"time":1783921562291,"env":"development","version":"2.6.5","pid":5381,"transport":"stdio","requestId":"SA2HB-ZYH6L","timestamp":"2026-07-13T05:46:02.261Z","operation":"connectStdioTransport","transportType":"Stdio","msg":"Creating StdioServerTransport instance..."}
{"level":20,"time":1783921562291,"env":"development","version":"2.6.5","pid":5381,"transport":"stdio","requestId":"SA2HB-ZYH6L","timestamp":"2026-07-13T05:46:02.261Z","operation":"connectStdioTransport","transportType":"Stdio","msg":"Connecting McpServer instance to StdioServerTransport..."}
{"level":30,"time":1783921562291,"env":"development","version":"2.6.5","pid":5381,"transport":"stdio","requestId":"SA2HB-ZYH6L","timestamp":"2026-07-13T05:46:02.261Z","operation":"connectStdioTransport","transportType":"Stdio","msg":"MCP Server connected and listening via stdio transport."}
{"level":30,"time":1783921562291,"env":"development","version":"2.6.5","pid":5381,"applicationName":"@cyanheads/git-mcp-server","applicationVersion":"2.6.5","nodeEnvironment":"development","requestId":"DY32K-64UUS","timestamp":"2026-07-13T05:46:02.261Z","operation":"ServerStartup","msg":"@cyanheads/git-mcp-server is now running and ready."}
{"level":30,"time":1786898179249,"env":"development","version":"2.6.5","pid":66121,"requestId":"BJEAF-ZRSRG","timestamp":"2026-08-16T16:36:19.246Z","operation":"loggerInit","msg":"Logger initialized. MCP level: debug."}
{"level":30,"time":1786898179250,"env":"development","version":"2.6.5","pid":66121,"requestId":"PKSM7-3BZHE","timestamp":"2026-08-16T16:36:19.249Z","operation":"LoggerInit","msg":"Logger initialized. Effective MCP logging level: debug."}
{"level":30,"time":1786898179250,"env":"development","version":"2.6.5","pid":66121,"runtime":"node","runtimeVersion":"Node.js 26.3.0","requestId":"QXDS8-A6TUO","timestamp":"2026-08-16T16:36:19.250Z","operation":"RuntimeDetection","msg":"Runtime detected: Node.js 26.3.0"}
{"level":30,"time":1786898179250,"env":"development","version":"2.6.5","pid":66121,"requestId":"XIIQE-S1RPZ","timestamp":"2026-08-16T16:36:19.250Z","operation":"StorageInit","msg":"Storage service initialized with provider: in-memory"}
{"level":30,"time":1786898179250,"env":"development","version":"2.6.5","pid":66121,"applicationName":"@cyanheads/git-mcp-server","applicationVersion":"2.6.5","nodeEnvironment":"development","requestId":"KRKKH-JYJEI","timestamp":"2026-08-16T16:36:19.250Z","operation":"ServerStartup","msg":"Starting @cyanheads/git-mcp-server (v2.6.5)..."}
{"level":30,"time":1786898179250,"env":"development","version":"2.6.5","pid":66121,"transport":"stdio","requestId":"X42FD-CMEEP","timestamp":"2026-08-16T16:36:19.250Z","operation":"TransportManager.start","msg":"Starting transport: stdio"}
{"level":30,"time":1786898179250,"env":"development","version":"2.6.5","pid":66121,"requestId":"WXEH0-YM53B","timestamp":"2026-08-16T16:36:19.250Z","operation":"createMcpServerInstance","msg":"Initializing MCP server instance"}
{"level":20,"time":1786898179250,"env":"development","version":"2.6.5","pid":66121,"requestId":"XM00R-6IVWG","timestamp":"2026-08-16T16:36:19.250Z","newConfigState":{"appName":"@cyanheads/git-mcp-server","appVersion":"2.6.5","environment":"development"},"operation":"RequestContextService.configure","msg":"RequestContextService configuration updated"}
{"level":20,"time":1786898179253,"env":"development","version":"2.6.5","pid":66121,"requestId":"WXEH0-YM53B","timestamp":"2026-08-16T16:36:19.250Z","operation":"createMcpServerInstance","msg":"Registering all MCP capabilities via registries..."}
{"level":30,"time":1786898179253,"env":"development","version":"2.6.5","pid":66121,"requestId":"E3R4S-DHDAY","timestamp":"2026-08-16T16:36:19.253Z","operation":"ToolRegistry.registerAll","msg":"Registering 27 tool(s)..."}
{"level":20,"time":1786898179253,"env":"development","version":"2.6.5","pid":66121,"toolName":"git_add","requestId":"9YT74-HSVF9","timestamp":"2026-08-16T16:36:19.253Z","operation":"ToolRegistry.registerTool","msg":"Registering tool: 'git_add'"}
{"level":30,"time":1786898179254,"env":"development","version":"2.6.5","pid":66121,"toolName":"git_add","requestId":"9YT74-HSVF9","timestamp":"2026-08-16T16:36:19.253Z","operation":"ToolRegistry.registerTool","msg":"Tool 'git_add' registered successfully."}
{"level":20,"time":1786898179254,"env":"development","version":"2.6.5","pid":66121,"toolName":"git_blame","requestId":"PGELN-QO9SR","timestamp":"2026-08-16T16:36:19.254Z","operation":"ToolRegistry.registerTool","msg":"Registering tool: 'git_blame'"}
{"level":30,"time":1786898179254,"env":"development","version":"2.6.5","pid":66121,"toolName":"git_blame","requestId":"PGELN-QO9SR","timestamp":"2026-08-16T16:36:19.254Z","operation":"ToolRegistry.registerTool","msg":"Tool 'git_blame' registered successfully."}
{"level":20,"time":1786898179254,"env":"development","version":"2.6.5","pid":66121,"toolName":"git_branch","requestId":"NNUDK-IT2RP","timestamp":"2026-08-16T16:36:19.254Z","operation":"ToolRegistry.registerTool","msg":"Registering tool: 'git_branch'"}
{"level":30,"time":1786898179254,"env":"development","version":"2.6.5","pid":66121,"toolName":"git_branch","requestId":"NNUDK-IT2RP","timestamp":"2026-08-16T16:36:19.254Z","operation":"ToolRegistry.registerTool","msg":"Tool 'git_branch' registered successfully."}
{"level":20,"time":1786898179254,"env":"development","version":"2.6.5","pid":66121,"toolName":"git_checkout","requestId":"FRFO4-IXBBB","timestamp":"2026-08-16T16:36:19.254Z","operation":"ToolRegistry.registerTool","msg":"Registering tool: 'git_checkout'"}
{"level":30,"time":1786898179254,"env":"development","version":"2.6.5","pid":66121,"toolName":"git_checkout","requestId":"FRFO4-IXBBB","timestamp":"2026-08-16T16:36:19.254Z","operation":"ToolRegistry.registerTool","msg":"Tool 'git_checkout' registered successfully."}
{"level":20,"time":1786898179254,"env":"development","version":"2.6.5","pid":66121,"toolName":"git_cherry_pick","requestId":"7C1V7-4VXRZ","timestamp":"2026-08-16T16:36:19.254Z","operation":"ToolRegistry.registerTool","msg":"Registering tool: 'git_cherry_pick'"}
{"level":30,"time":1786898179254,"env":"development","version":"2.6.5","pid":66121,"toolName":"git_cherry_pick","requestId":"7C1V7-4VXRZ","timestamp":"2026-08-16T16:36:19.254Z","operation":"ToolRegistry.registerTool","msg":"Tool 'git_cherry_pick' registered successfully."}
{"level":20,"time":1786898179254,"env":"development","version":"2.6.5","pid":66121,"toolName":"git_clean","requestId":"HSVNR-NPG53","timestamp":"2026-08-16T16:36:19.254Z","operation":"ToolRegistry.registerTool","msg":"Registering tool: 'git_clean'"}
{"level":30,"time":1786898179254,"env":"development","version":"2.6.5","pid":66121,"toolName":"git_clean","requestId":"HSVNR-NPG53","timestamp":"2026-08-16T16:36:19.254Z","operation":"ToolRegistry.registerTool","msg":"Tool 'git_clean' registered successfully."}
{"level":20,"time":1786898179254,"env":"development","version":"2.6.5","pid":66121,"toolName":"git_clear_working_dir","requestId":"K4IKD-Z86Z3","timestamp":"2026-08-16T16:36:19.254Z","operation":"ToolRegistry.registerTool","msg":"Registering tool: 'git_clear_working_dir'"}
{"level":30,"time":1786898179254,"env":"development","version":"2.6.5","pid":66121,"toolName":"git_clear_working_dir","requestId":"K4IKD-Z86Z3","timestamp":"2026-08-16T16:36:19.254Z","operation":"ToolRegistry.registerTool","msg":"Tool 'git_clear_working_dir' registered successfully."}
{"level":20,"time":1786898179254,"env":"development","version":"2.6.5","pid":66121,"toolName":"git_clone","requestId":"W4L3H-6DDQF","timestamp":"2026-08-16T16:36:19.254Z","operation":"ToolRegistry.registerTool","msg":"Registering tool: 'git_clone'"}
{"level":30,"time":1786898179254,"env":"development","version":"2.6.5","pid":66121,"toolName":"git_clone","requestId":"W4L3H-6DDQF","timestamp":"2026-08-16T16:36:19.254Z","operation":"ToolRegistry.registerTool","msg":"Tool 'git_clone' registered successfully."}
{"level":20,"time":1786898179254,"env":"development","version":"2.6.5","pid":66121,"toolName":"git_commit","requestId":"A5YHI-I80GB","timestamp":"2026-08-16T16:36:19.254Z","operation":"ToolRegistry.registerTool","msg":"Registering tool: 'git_commit'"}
{"level":30,"time":1786898179254,"env":"development","version":"2.6.5","pid":66121,"toolName":"git_commit","requestId":"A5YHI-I80GB","timestamp":"2026-08-16T16:36:19.254Z","operation":"ToolRegistry.registerTool","msg":"Tool 'git_commit' registered successfully."}
{"level":20,"time":1786898179254,"env":"development","version":"2.6.5","pid":66121,"toolName":"git_diff","requestId":"58IOZ-C5MPD","timestamp":"2026-08-16T16:36:19.254Z","operation":"ToolRegistry.registerTool","msg":"Registering tool: 'git_diff'"}
{"level":30,"time":1786898179254,"env":"development","version":"2.6.5","pid":66121,"toolName":"git_diff","requestId":"58IOZ-C5MPD","timestamp":"2026-08-16T16:36:19.254Z","operation":"ToolRegistry.registerTool","msg":"Tool 'git_diff' registered successfully."}
{"level":20,"time":1786898179254,"env":"development","version":"2.6.5","pid":66121,"toolName":"git_fetch","requestId":"MNEXE-DT8PJ","timestamp":"2026-08-16T16:36:19.254Z","operation":"ToolRegistry.registerTool","msg":"Registering tool: 'git_fetch'"}
{"level":30,"time":1786898179254,"env":"development","version":"2.6.5","pid":66121,"toolName":"git_fetch","requestId":"MNEXE-DT8PJ","timestamp":"2026-08-16T16:36:19.254Z","operation":"ToolRegistry.registerTool","msg":"Tool 'git_fetch' registered successfully."}
{"level":20,"time":1786898179254,"env":"development","version":"2.6.5","pid":66121,"toolName":"git_init","requestId":"TPW57-OB7B2","timestamp":"2026-08-16T16:36:19.254Z","operation":"ToolRegistry.registerTool","msg":"Registering tool: 'git_init'"}
{"level":30,"time":1786898179254,"env":"development","version":"2.6.5","pid":66121,"toolName":"git_init","requestId":"TPW57-OB7B2","timestamp":"2026-08-16T16:36:19.254Z","operation":"ToolRegistry.registerTool","msg":"Tool 'git_init' registered successfully."}
{"level":20,"time":1786898179254,"env":"development","version":"2.6.5","pid":66121,"toolName":"git_log","requestId":"8WD31-DC6NI","timestamp":"2026-08-16T16:36:19.254Z","operation":"ToolRegistry.registerTool","msg":"Registering tool: 'git_log'"}
{"level":30,"time":1786898179254,"env":"development","version":"2.6.5","pid":66121,"toolName":"git_log","requestId":"8WD31-DC6NI","timestamp":"2026-08-16T16:36:19.254Z","operation":"ToolRegistry.registerTool","msg":"Tool 'git_log' registered successfully."}
{"level":20,"time":1786898179254,"env":"development","version":"2.6.5","pid":66121,"toolName":"git_merge","requestId":"XOPQW-7Q840","timestamp":"2026-08-16T16:36:19.254Z","operation":"ToolRegistry.registerTool","msg":"Registering tool: 'git_merge'"}
{"level":30,"time":1786898179254,"env":"development","version":"2.6.5","pid":66121,"toolName":"git_merge","requestId":"XOPQW-7Q840","timestamp":"2026-08-16T16:36:19.254Z","operation":"ToolRegistry.registerTool","msg":"Tool 'git_merge' registered successfully."}
{"level":20,"time":1786898179254,"env":"development","version":"2.6.5","pid":66121,"toolName":"git_pull","requestId":"3S2ZO-8D533","timestamp":"2026-08-16T16:36:19.254Z","operation":"ToolRegistry.registerTool","msg":"Registering tool: 'git_pull'"}
{"level":30,"time":1786898179254,"env":"development","version":"2.6.5","pid":66121,"toolName":"git_pull","requestId":"3S2ZO-8D533","timestamp":"2026-08-16T16:36:19.254Z","operation":"ToolRegistry.registerTool","msg":"Tool 'git_pull' registered successfully."}
{"level":20,"time":1786898179254,"env":"development","version":"2.6.5","pid":66121,"toolName":"git_push","requestId":"XDEGG-3AGYT","timestamp":"2026-08-16T16:36:19.254Z","operation":"ToolRegistry.registerTool","msg":"Registering tool: 'git_push'"}
{"level":30,"time":1786898179254,"env":"development","version":"2.6.5","pid":66121,"toolName":"git_push","requestId":"XDEGG-3AGYT","timestamp":"2026-08-16T16:36:19.254Z","operation":"ToolRegistry.registerTool","msg":"Tool 'git_push' registered successfully."}
{"level":20,"time":1786898179254,"env":"development","version":"2.6.5","pid":66121,"toolName":"git_rebase","requestId":"2IYNL-BESCR","timestamp":"2026-08-16T16:36:19.254Z","operation":"ToolRegistry.registerTool","msg":"Registering tool: 'git_rebase'"}
{"level":30,"time":1786898179254,"env":"development","version":"2.6.5","pid":66121,"toolName":"git_rebase","requestId":"2IYNL-BESCR","timestamp":"2026-08-16T16:36:19.254Z","operation":"ToolRegistry.registerTool","msg":"Tool 'git_rebase' registered successfully."}
{"level":20,"time":1786898179254,"env":"development","version":"2.6.5","pid":66121,"toolName":"git_reflog","requestId":"VR0GW-KJV4A","timestamp":"2026-08-16T16:36:19.254Z","operation":"ToolRegistry.registerTool","msg":"Registering tool: 'git_reflog'"}
{"level":30,"time":1786898179254,"env":"development","version":"2.6.5","pid":66121,"toolName":"git_reflog","requestId":"VR0GW-KJV4A","timestamp":"2026-08-16T16:36:19.254Z","operation":"ToolRegistry.registerTool","msg":"Tool 'git_reflog' registered successfully."}
{"level":20,"time":1786898179254,"env":"development","version":"2.6.5","pid":66121,"toolName":"git_remote","requestId":"4TN30-7O0XC","timestamp":"2026-08-16T16:36:19.254Z","operation":"ToolRegistry.registerTool","msg":"Registering tool: 'git_remote'"}
{"level":30,"time":1786898179254,"env":"development","version":"2.6.5","pid":66121,"toolName":"git_remote","requestId":"4TN30-7O0XC","timestamp":"2026-08-16T16:36:19.254Z","operation":"ToolRegistry.registerTool","msg":"Tool 'git_remote' registered successfully."}
{"level":20,"time":1786898179254,"env":"development","version":"2.6.5","pid":66121,"toolName":"git_reset","requestId":"RBCNE-OBO4M","timestamp":"2026-08-16T16:36:19.254Z","operation":"ToolRegistry.registerTool","msg":"Registering tool: 'git_reset'"}
{"level":30,"time":1786898179254,"env":"development","version":"2.6.5","pid":66121,"toolName":"git_reset","requestId":"RBCNE-OBO4M","timestamp":"2026-08-16T16:36:19.254Z","operation":"ToolRegistry.registerTool","msg":"Tool 'git_reset' registered successfully."}
{"level":20,"time":1786898179254,"env":"development","version":"2.6.5","pid":66121,"toolName":"git_set_working_dir","requestId":"EU81Y-579AR","timestamp":"2026-08-16T16:36:19.254Z","operation":"ToolRegistry.registerTool","msg":"Registering tool: 'git_set_working_dir'"}
{"level":30,"time":1786898179254,"env":"development","version":"2.6.5","pid":66121,"toolName":"git_set_working_dir","requestId":"EU81Y-579AR","timestamp":"2026-08-16T16:36:19.254Z","operation":"ToolRegistry.registerTool","msg":"Tool 'git_set_working_dir' registered successfully."}
{"level":20,"time":1786898179254,"env":"development","version":"2.6.5","pid":66121,"toolName":"git_show","requestId":"QTLGD-3FUCO","timestamp":"2026-08-16T16:36:19.254Z","operation":"ToolRegistry.registerTool","msg":"Registering tool: 'git_show'"}
{"level":30,"time":1786898179254,"env":"development","version":"2.6.5","pid":66121,"toolName":"git_show","requestId":"QTLGD-3FUCO","timestamp":"2026-08-16T16:36:19.254Z","operation":"ToolRegistry.registerTool","msg":"Tool 'git_show' registered successfully."}
{"level":20,"time":1786898179255,"env":"development","version":"2.6.5","pid":66121,"toolName":"git_stash","requestId":"ZZKTO-W5OWS","timestamp":"2026-08-16T16:36:19.255Z","operation":"ToolRegistry.registerTool","msg":"Registering tool: 'git_stash'"}
{"level":30,"time":1786898179255,"env":"development","version":"2.6.5","pid":66121,"toolName":"git_stash","requestId":"ZZKTO-W5OWS","timestamp":"2026-08-16T16:36:19.255Z","operation":"ToolRegistry.registerTool","msg":"Tool 'git_stash' registered successfully."}
{"level":20,"time":1786898179255,"env":"development","version":"2.6.5","pid":66121,"toolName":"git_status","requestId":"X9Y8N-24NEM","timestamp":"2026-08-16T16:36:19.255Z","operation":"ToolRegistry.registerTool","msg":"Registering tool: 'git_status'"}
{"level":30,"time":1786898179255,"env":"development","version":"2.6.5","pid":66121,"toolName":"git_status","requestId":"X9Y8N-24NEM","timestamp":"2026-08-16T16:36:19.255Z","operation":"ToolRegistry.registerTool","msg":"Tool 'git_status' registered successfully."}
{"level":20,"time":1786898179255,"env":"development","version":"2.6.5","pid":66121,"toolName":"git_tag","requestId":"1IT6E-DULET","timestamp":"2026-08-16T16:36:19.255Z","operation":"ToolRegistry.registerTool","msg":"Registering tool: 'git_tag'"}
{"level":30,"time":1786898179255,"env":"development","version":"2.6.5","pid":66121,"toolName":"git_tag","requestId":"1IT6E-DULET","timestamp":"2026-08-16T16:36:19.255Z","operation":"ToolRegistry.registerTool","msg":"Tool 'git_tag' registered successfully."}
{"level":20,"time":1786898179255,"env":"development","version":"2.6.5","pid":66121,"toolName":"git_worktree","requestId":"036N1-3IMA1","timestamp":"2026-08-16T16:36:19.255Z","operation":"ToolRegistry.registerTool","msg":"Registering tool: 'git_worktree'"}
{"level":30,"time":1786898179255,"env":"development","version":"2.6.5","pid":66121,"toolName":"git_worktree","requestId":"036N1-3IMA1","timestamp":"2026-08-16T16:36:19.255Z","operation":"ToolRegistry.registerTool","msg":"Tool 'git_worktree' registered successfully."}
{"level":20,"time":1786898179255,"env":"development","version":"2.6.5","pid":66121,"toolName":"git_wrapup_instructions","requestId":"6BHM5-JEYLW","timestamp":"2026-08-16T16:36:19.255Z","operation":"ToolRegistry.registerTool","msg":"Registering tool: 'git_wrapup_instructions'"}
{"level":30,"time":1786898179255,"env":"development","version":"2.6.5","pid":66121,"toolName":"git_wrapup_instructions","requestId":"6BHM5-JEYLW","timestamp":"2026-08-16T16:36:19.255Z","operation":"ToolRegistry.registerTool","msg":"Tool 'git_wrapup_instructions' registered successfully."}
{"level":30,"time":1786898179255,"env":"development","version":"2.6.5","pid":66121,"requestId":"Z9MUH-PVIA1","timestamp":"2026-08-16T16:36:19.255Z","operation":"ResourceRegistry.registerAll","msg":"Registering 1 resource(s)..."}
{"level":30,"time":1786898179255,"env":"development","version":"2.6.5","pid":66121,"requestId":"OTXUO-X75UM","timestamp":"2026-08-16T16:36:19.255Z","resourceName":"git-working-directory","operation":"RegisterResource","msg":"Registering resource: 'git-working-directory'"}
{"level":30,"time":1786898179255,"env":"development","version":"2.6.5","pid":66121,"requestId":"OTXUO-X75UM","timestamp":"2026-08-16T16:36:19.255Z","resourceName":"git-working-directory","operation":"RegisterResource","msg":"Resource 'git-working-directory' registered successfully."}
{"level":20,"time":1786898179255,"env":"development","version":"2.6.5","pid":66121,"requestId":"JKLWL-WGWF0","timestamp":"2026-08-16T16:36:19.255Z","operation":"PromptRegistry.registerAll","msg":"Registering 1 prompts..."}
{"level":20,"time":1786898179255,"env":"development","version":"2.6.5","pid":66121,"requestId":"JKLWL-WGWF0","timestamp":"2026-08-16T16:36:19.255Z","operation":"PromptRegistry.registerAll","msg":"Registering prompt: git_wrapup"}
{"level":30,"time":1786898179256,"env":"development","version":"2.6.5","pid":66121,"requestId":"JKLWL-WGWF0","timestamp":"2026-08-16T16:36:19.255Z","operation":"PromptRegistry.registerAll","msg":"Registered prompt: git_wrapup"}
{"level":30,"time":1786898179256,"env":"development","version":"2.6.5","pid":66121,"requestId":"JKLWL-WGWF0","timestamp":"2026-08-16T16:36:19.255Z","operation":"PromptRegistry.registerAll","msg":"Successfully registered 1 prompts"}
{"level":20,"time":1786898179256,"env":"development","version":"2.6.5","pid":66121,"requestId":"EJUH9-KNEK7","timestamp":"2026-08-16T16:36:19.256Z","operation":"RootsRegistry.registerAll","msg":"Roots capability enabled (client-provided roots)"}
{"level":30,"time":1786898179256,"env":"development","version":"2.6.5","pid":66121,"requestId":"EJUH9-KNEK7","timestamp":"2026-08-16T16:36:19.256Z","operation":"RootsRegistry.registerAll","msg":"Roots capability registered successfully"}
{"level":30,"time":1786898179256,"env":"development","version":"2.6.5","pid":66121,"requestId":"WXEH0-YM53B","timestamp":"2026-08-16T16:36:19.250Z","operation":"createMcpServerInstance","msg":"All MCP capabilities registered successfully"}
{"level":30,"time":1786898179256,"env":"development","version":"2.6.5","pid":66121,"transport":"stdio","requestId":"X42FD-CMEEP","timestamp":"2026-08-16T16:36:19.250Z","operation":"connectStdioTransport","transportType":"Stdio","msg":"Attempting to connect stdio transport..."}
{"level":20,"time":1786898179256,"env":"development","version":"2.6.5","pid":66121,"transport":"stdio","requestId":"X42FD-CMEEP","timestamp":"2026-08-16T16:36:19.250Z","operation":"connectStdioTransport","transportType":"Stdio","msg":"Creating StdioServerTransport instance..."}
{"level":20,"time":1786898179256,"env":"development","version":"2.6.5","pid":66121,"transport":"stdio","requestId":"X42FD-CMEEP","timestamp":"2026-08-16T16:36:19.250Z","operation":"connectStdioTransport","transportType":"Stdio","msg":"Connecting McpServer instance to StdioServerTransport..."}
{"level":30,"time":1786898179256,"env":"development","version":"2.6.5","pid":66121,"transport":"stdio","requestId":"X42FD-CMEEP","timestamp":"2026-08-16T16:36:19.250Z","operation":"connectStdioTransport","transportType":"Stdio","msg":"MCP Server connected and listening via stdio transport."}
{"level":30,"time":1786898179256,"env":"development","version":"2.6.5","pid":66121,"applicationName":"@cyanheads/git-mcp-server","applicationVersion":"2.6.5","nodeEnvironment":"development","requestId":"KRKKH-JYJEI","timestamp":"2026-08-16T16:36:19.250Z","operation":"ServerStartup","msg":"@cyanheads/git-mcp-server is now running and ready."}
{"level":30,"time":1787009995358,"env":"development","version":"2.6.5","pid":2251,"requestId":"6E7EA-ZG5BV","timestamp":"2026-08-17T23:39:55.356Z","operation":"loggerInit","msg":"Logger initialized. MCP level: debug."}
{"level":30,"time":1787009995359,"env":"development","version":"2.6.5","pid":2251,"requestId":"0PFXJ-ZT67O","timestamp":"2026-08-17T23:39:55.359Z","operation":"LoggerInit","msg":"Logger initialized. Effective MCP logging level: debug."}
{"level":30,"time":1787009995359,"env":"development","version":"2.6.5","pid":2251,"runtime":"node","runtimeVersion":"Node.js 26.3.0","requestId":"F24MD-DPHF7","timestamp":"2026-08-17T23:39:55.359Z","operation":"RuntimeDetection","msg":"Runtime detected: Node.js 26.3.0"}
{"level":30,"time":1787009995359,"env":"development","version":"2.6.5","pid":2251,"requestId":"TU8F4-CQ6R6","timestamp":"2026-08-17T23:39:55.359Z","operation":"StorageInit","msg":"Storage service initialized with provider: in-memory"}
{"level":30,"time":1787009995359,"env":"development","version":"2.6.5","pid":2251,"applicationName":"@cyanheads/git-mcp-server","applicationVersion":"2.6.5","nodeEnvironment":"development","requestId":"4PP3S-IOU22","timestamp":"2026-08-17T23:39:55.359Z","operation":"ServerStartup","msg":"Starting @cyanheads/git-mcp-server (v2.6.5)..."}
{"level":30,"time":1787009995359,"env":"development","version":"2.6.5","pid":2251,"transport":"stdio","requestId":"TB1WS-AKWGF","timestamp":"2026-08-17T23:39:55.359Z","operation":"TransportManager.start","msg":"Starting transport: stdio"}
{"level":30,"time":1787009995359,"env":"development","version":"2.6.5","pid":2251,"requestId":"Y8661-EYAU6","timestamp":"2026-08-17T23:39:55.359Z","operation":"createMcpServerInstance","msg":"Initializing MCP server instance"}
{"level":20,"time":1787009995359,"env":"development","version":"2.6.5","pid":2251,"requestId":"Q1LQV-7IH81","timestamp":"2026-08-17T23:39:55.359Z","newConfigState":{"appName":"@cyanheads/git-mcp-server","appVersion":"2.6.5","environment":"development"},"operation":"RequestContextService.configure","msg":"RequestContextService configuration updated"}
{"level":20,"time":1787009995364,"env":"development","version":"2.6.5","pid":2251,"requestId":"Y8661-EYAU6","timestamp":"2026-08-17T23:39:55.359Z","operation":"createMcpServerInstance","msg":"Registering all MCP capabilities via registries..."}
{"level":30,"time":1787009995364,"env":"development","version":"2.6.5","pid":2251,"requestId":"6QP9I-YETH4","timestamp":"2026-08-17T23:39:55.364Z","operation":"ToolRegistry.registerAll","msg":"Registering 27 tool(s)..."}
{"level":20,"time":1787009995364,"env":"development","version":"2.6.5","pid":2251,"toolName":"git_add","requestId":"57A75-E93X1","timestamp":"2026-08-17T23:39:55.364Z","operation":"ToolRegistry.registerTool","msg":"Registering tool: 'git_add'"}
{"level":30,"time":1787009995364,"env":"development","version":"2.6.5","pid":2251,"toolName":"git_add","requestId":"57A75-E93X1","timestamp":"2026-08-17T23:39:55.364Z","operation":"ToolRegistry.registerTool","msg":"Tool 'git_add' registered successfully."}
{"level":20,"time":1787009995364,"env":"development","version":"2.6.5","pid":2251,"toolName":"git_blame","requestId":"QEOQP-CJV65","timestamp":"2026-08-17T23:39:55.364Z","operation":"ToolRegistry.registerTool","msg":"Registering tool: 'git_blame'"}
{"level":30,"time":1787009995365,"env":"development","version":"2.6.5","pid":2251,"toolName":"git_blame","requestId":"QEOQP-CJV65","timestamp":"2026-08-17T23:39:55.364Z","operation":"ToolRegistry.registerTool","msg":"Tool 'git_blame' registered successfully."}
{"level":20,"time":1787009995365,"env":"development","version":"2.6.5","pid":2251,"toolName":"git_branch","requestId":"D2SOU-QT1MR","timestamp":"2026-08-17T23:39:55.365Z","operation":"ToolRegistry.registerTool","msg":"Registering tool: 'git_branch'"}
{"level":30,"time":1787009995365,"env":"development","version":"2.6.5","pid":2251,"toolName":"git_branch","requestId":"D2SOU-QT1MR","timestamp":"2026-08-17T23:39:55.365Z","operation":"ToolRegistry.registerTool","msg":"Tool 'git_branch' registered successfully."}
{"level":20,"time":1787009995365,"env":"development","version":"2.6.5","pid":2251,"toolName":"git_checkout","requestId":"6IIKV-UNHWX","timestamp":"2026-08-17T23:39:55.365Z","operation":"ToolRegistry.registerTool","msg":"Registering tool: 'git_checkout'"}
{"level":30,"time":1787009995365,"env":"development","version":"2.6.5","pid":2251,"toolName":"git_checkout","requestId":"6IIKV-UNHWX","timestamp":"2026-08-17T23:39:55.365Z","operation":"ToolRegistry.registerTool","msg":"Tool 'git_checkout' registered successfully."}
{"level":20,"time":1787009995365,"env":"development","version":"2.6.5","pid":2251,"toolName":"git_cherry_pick","requestId":"DDE10-5LA40","timestamp":"2026-08-17T23:39:55.365Z","operation":"ToolRegistry.registerTool","msg":"Registering tool: 'git_cherry_pick'"}
{"level":30,"time":1787009995365,"env":"development","version":"2.6.5","pid":2251,"toolName":"git_cherry_pick","requestId":"DDE10-5LA40","timestamp":"2026-08-17T23:39:55.365Z","operation":"ToolRegistry.registerTool","msg":"Tool 'git_cherry_pick' registered successfully."}
{"level":20,"time":1787009995365,"env":"development","version":"2.6.5","pid":2251,"toolName":"git_clean","requestId":"LRJUQ-LGUAC","timestamp":"2026-08-17T23:39:55.365Z","operation":"ToolRegistry.registerTool","msg":"Registering tool: 'git_clean'"}
{"level":30,"time":1787009995365,"env":"development","version":"2.6.5","pid":2251,"toolName":"git_clean","requestId":"LRJUQ-LGUAC","timestamp":"2026-08-17T23:39:55.365Z","operation":"ToolRegistry.registerTool","msg":"Tool 'git_clean' registered successfully."}
{"level":20,"time":1787009995365,"env":"development","version":"2.6.5","pid":2251,"toolName":"git_clear_working_dir","requestId":"ZP8KN-OQ5YO","timestamp":"2026-08-17T23:39:55.365Z","operation":"ToolRegistry.registerTool","msg":"Registering tool: 'git_clear_working_dir'"}
{"level":30,"time":1787009995365,"env":"development","version":"2.6.5","pid":2251,"toolName":"git_clear_working_dir","requestId":"ZP8KN-OQ5YO","timestamp":"2026-08-17T23:39:55.365Z","operation":"ToolRegistry.registerTool","msg":"Tool 'git_clear_working_dir' registered successfully."}
{"level":20,"time":1787009995365,"env":"development","version":"2.6.5","pid":2251,"toolName":"git_clone","requestId":"0HFPV-OB4H5","timestamp":"2026-08-17T23:39:55.365Z","operation":"ToolRegistry.registerTool","msg":"Registering tool: 'git_clone'"}
{"level":30,"time":1787009995365,"env":"development","version":"2.6.5","pid":2251,"toolName":"git_clone","requestId":"0HFPV-OB4H5","timestamp":"2026-08-17T23:39:55.365Z","operation":"ToolRegistry.registerTool","msg":"Tool 'git_clone' registered successfully."}
{"level":20,"time":1787009995365,"env":"development","version":"2.6.5","pid":2251,"toolName":"git_commit","requestId":"PKM53-VFTOK","timestamp":"2026-08-17T23:39:55.365Z","operation":"ToolRegistry.registerTool","msg":"Registering tool: 'git_commit'"}
{"level":30,"time":1787009995365,"env":"development","version":"2.6.5","pid":2251,"toolName":"git_commit","requestId":"PKM53-VFTOK","timestamp":"2026-08-17T23:39:55.365Z","operation":"ToolRegistry.registerTool","msg":"Tool 'git_commit' registered successfully."}
{"level":20,"time":1787009995365,"env":"development","version":"2.6.5","pid":2251,"toolName":"git_diff","requestId":"ITK4V-D08GS","timestamp":"2026-08-17T23:39:55.365Z","operation":"ToolRegistry.registerTool","msg":"Registering tool: 'git_diff'"}
{"level":30,"time":1787009995365,"env":"development","version":"2.6.5","pid":2251,"toolName":"git_diff","requestId":"ITK4V-D08GS","timestamp":"2026-08-17T23:39:55.365Z","operation":"ToolRegistry.registerTool","msg":"Tool 'git_diff' registered successfully."}
{"level":20,"time":1787009995365,"env":"development","version":"2.6.5","pid":2251,"toolName":"git_fetch","requestId":"60DY9-83MYF","timestamp":"2026-08-17T23:39:55.365Z","operation":"ToolRegistry.registerTool","msg":"Registering tool: 'git_fetch'"}
{"level":30,"time":1787009995365,"env":"development","version":"2.6.5","pid":2251,"toolName":"git_fetch","requestId":"60DY9-83MYF","timestamp":"2026-08-17T23:39:55.365Z","operation":"ToolRegistry.registerTool","msg":"Tool 'git_fetch' registered successfully."}
{"level":20,"time":1787009995365,"env":"development","version":"2.6.5","pid":2251,"toolName":"git_init","requestId":"FTNO5-YNS7Q","timestamp":"2026-08-17T23:39:55.365Z","operation":"ToolRegistry.registerTool","msg":"Registering tool: 'git_init'"}
{"level":30,"time":1787009995365,"env":"development","version":"2.6.5","pid":2251,"toolName":"git_init","requestId":"FTNO5-YNS7Q","timestamp":"2026-08-17T23:39:55.365Z","operation":"ToolRegistry.registerTool","msg":"Tool 'git_init' registered successfully."}
{"level":20,"time":1787009995365,"env":"development","version":"2.6.5","pid":2251,"toolName":"git_log","requestId":"WZTDW-97TYM","timestamp":"2026-08-17T23:39:55.365Z","operation":"ToolRegistry.registerTool","msg":"Registering tool: 'git_log'"}
{"level":30,"time":1787009995365,"env":"development","version":"2.6.5","pid":2251,"toolName":"git_log","requestId":"WZTDW-97TYM","timestamp":"2026-08-17T23:39:55.365Z","operation":"ToolRegistry.registerTool","msg":"Tool 'git_log' registered successfully."}
{"level":20,"time":1787009995365,"env":"development","version":"2.6.5","pid":2251,"toolName":"git_merge","requestId":"HMQJ2-R4EZ3","timestamp":"2026-08-17T23:39:55.365Z","operation":"ToolRegistry.registerTool","msg":"Registering tool: 'git_merge'"}
{"level":30,"time":1787009995365,"env":"development","version":"2.6.5","pid":2251,"toolName":"git_merge","requestId":"HMQJ2-R4EZ3","timestamp":"2026-08-17T23:39:55.365Z","operation":"ToolRegistry.registerTool","msg":"Tool 'git_merge' registered successfully."}
{"level":20,"time":1787009995365,"env":"development","version":"2.6.5","pid":2251,"toolName":"git_pull","requestId":"2KWYW-UOQDT","timestamp":"2026-08-17T23:39:55.365Z","operation":"ToolRegistry.registerTool","msg":"Registering tool: 'git_pull'"}
{"level":30,"time":1787009995365,"env":"development","version":"2.6.5","pid":2251,"toolName":"git_pull","requestId":"2KWYW-UOQDT","timestamp":"2026-08-17T23:39:55.365Z","operation":"ToolRegistry.registerTool","msg":"Tool 'git_pull' registered successfully."}
{"level":20,"time":1787009995365,"env":"development","version":"2.6.5","pid":2251,"toolName":"git_push","requestId":"FBW0A-AGCUT","timestamp":"2026-08-17T23:39:55.365Z","operation":"ToolRegistry.registerTool","msg":"Registering tool: 'git_push'"}
{"level":30,"time":1787009995365,"env":"development","version":"2.6.5","pid":2251,"toolName":"git_push","requestId":"FBW0A-AGCUT","timestamp":"2026-08-17T23:39:55.365Z","operation":"ToolRegistry.registerTool","msg":"Tool 'git_push' registered successfully."}
{"level":20,"time":1787009995365,"env":"development","version":"2.6.5","pid":2251,"toolName":"git_rebase","requestId":"LWI2X-Y26ZU","timestamp":"2026-08-17T23:39:55.365Z","operation":"ToolRegistry.registerTool","msg":"Registering tool: 'git_rebase'"}
{"level":30,"time":1787009995365,"env":"development","version":"2.6.5","pid":2251,"toolName":"git_rebase","requestId":"LWI2X-Y26ZU","timestamp":"2026-08-17T23:39:55.365Z","operation":"ToolRegistry.registerTool","msg":"Tool 'git_rebase' registered successfully."}
{"level":20,"time":1787009995365,"env":"development","version":"2.6.5","pid":2251,"toolName":"git_reflog","requestId":"5QMEN-UI244","timestamp":"2026-08-17T23:39:55.365Z","operation":"ToolRegistry.registerTool","msg":"Registering tool: 'git_reflog'"}
{"level":30,"time":1787009995365,"env":"development","version":"2.6.5","pid":2251,"toolName":"git_reflog","requestId":"5QMEN-UI244","timestamp":"2026-08-17T23:39:55.365Z","operation":"ToolRegistry.registerTool","msg":"Tool 'git_reflog' registered successfully."}
{"level":20,"time":1787009995365,"env":"development","version":"2.6.5","pid":2251,"toolName":"git_remote","requestId":"Z665R-WGLW2","timestamp":"2026-08-17T23:39:55.365Z","operation":"ToolRegistry.registerTool","msg":"Registering tool: 'git_remote'"}
{"level":30,"time":1787009995365,"env":"development","version":"2.6.5","pid":2251,"toolName":"git_remote","requestId":"Z665R-WGLW2","timestamp":"2026-08-17T23:39:55.365Z","operation":"ToolRegistry.registerTool","msg":"Tool 'git_remote' registered successfully."}
{"level":20,"time":1787009995365,"env":"development","version":"2.6.5","pid":2251,"toolName":"git_reset","requestId":"LZGHE-AH4IV","timestamp":"2026-08-17T23:39:55.365Z","operation":"ToolRegistry.registerTool","msg":"Registering tool: 'git_reset'"}
{"level":30,"time":1787009995365,"env":"development","version":"2.6.5","pid":2251,"toolName":"git_reset","requestId":"LZGHE-AH4IV","timestamp":"2026-08-17T23:39:55.365Z","operation":"ToolRegistry.registerTool","msg":"Tool 'git_reset' registered successfully."}
{"level":20,"time":1787009995365,"env":"development","version":"2.6.5","pid":2251,"toolName":"git_set_working_dir","requestId":"1U0WV-3VA3O","timestamp":"2026-08-17T23:39:55.365Z","operation":"ToolRegistry.registerTool","msg":"Registering tool: 'git_set_working_dir'"}
{"level":30,"time":1787009995365,"env":"development","version":"2.6.5","pid":2251,"toolName":"git_set_working_dir","requestId":"1U0WV-3VA3O","timestamp":"2026-08-17T23:39:55.365Z","operation":"ToolRegistry.registerTool","msg":"Tool 'git_set_working_dir' registered successfully."}
{"level":20,"time":1787009995365,"env":"development","version":"2.6.5","pid":2251,"toolName":"git_show","requestId":"YDXUH-HRDE0","timestamp":"2026-08-17T23:39:55.365Z","operation":"ToolRegistry.registerTool","msg":"Registering tool: 'git_show'"}
{"level":30,"time":1787009995365,"env":"development","version":"2.6.5","pid":2251,"toolName":"git_show","requestId":"YDXUH-HRDE0","timestamp":"2026-08-17T23:39:55.365Z","operation":"ToolRegistry.registerTool","msg":"Tool 'git_show' registered successfully."}
{"level":20,"time":1787009995365,"env":"development","version":"2.6.5","pid":2251,"toolName":"git_stash","requestId":"N1J8V-776PK","timestamp":"2026-08-17T23:39:55.365Z","operation":"ToolRegistry.registerTool","msg":"Registering tool: 'git_stash'"}
{"level":30,"time":1787009995365,"env":"development","version":"2.6.5","pid":2251,"toolName":"git_stash","requestId":"N1J8V-776PK","timestamp":"2026-08-17T23:39:55.365Z","operation":"ToolRegistry.registerTool","msg":"Tool 'git_stash' registered successfully."}
{"level":20,"time":1787009995365,"env":"development","version":"2.6.5","pid":2251,"toolName":"git_status","requestId":"JW6HM-DTJXT","timestamp":"2026-08-17T23:39:55.365Z","operation":"ToolRegistry.registerTool","msg":"Registering tool: 'git_status'"}
{"level":30,"time":1787009995365,"env":"development","version":"2.6.5","pid":2251,"toolName":"git_status","requestId":"JW6HM-DTJXT","timestamp":"2026-08-17T23:39:55.365Z","operation":"ToolRegistry.registerTool","msg":"Tool 'git_status' registered successfully."}
{"level":20,"time":1787009995365,"env":"development","version":"2.6.5","pid":2251,"toolName":"git_tag","requestId":"2WX4W-IPDMZ","timestamp":"2026-08-17T23:39:55.365Z","operation":"ToolRegistry.registerTool","msg":"Registering tool: 'git_tag'"}
{"level":30,"time":1787009995365,"env":"development","version":"2.6.5","pid":2251,"toolName":"git_tag","requestId":"2WX4W-IPDMZ","timestamp":"2026-08-17T23:39:55.365Z","operation":"ToolRegistry.registerTool","msg":"Tool 'git_tag' registered successfully."}
{"level":20,"time":1787009995365,"env":"development","version":"2.6.5","pid":2251,"toolName":"git_worktree","requestId":"93WGX-8MBGC","timestamp":"2026-08-17T23:39:55.365Z","operation":"ToolRegistry.registerTool","msg":"Registering tool: 'git_worktree'"}
{"level":30,"time":1787009995365,"env":"development","version":"2.6.5","pid":2251,"toolName":"git_worktree","requestId":"93WGX-8MBGC","timestamp":"2026-08-17T23:39:55.365Z","operation":"ToolRegistry.registerTool","msg":"Tool 'git_worktree' registered successfully."}
{"level":20,"time":1787009995365,"env":"development","version":"2.6.5","pid":2251,"toolName":"git_wrapup_instructions","requestId":"4EJ8P-VJMAT","timestamp":"2026-08-17T23:39:55.365Z","operation":"ToolRegistry.registerTool","msg":"Registering tool: 'git_wrapup_instructions'"}
{"level":30,"time":1787009995365,"env":"development","version":"2.6.5","pid":2251,"toolName":"git_wrapup_instructions","requestId":"4EJ8P-VJMAT","timestamp":"2026-08-17T23:39:55.365Z","operation":"ToolRegistry.registerTool","msg":"Tool 'git_wrapup_instructions' registered successfully."}
{"level":30,"time":1787009995366,"env":"development","version":"2.6.5","pid":2251,"requestId":"DJMAM-M4LBW","timestamp":"2026-08-17T23:39:55.366Z","operation":"ResourceRegistry.registerAll","msg":"Registering 1 resource(s)..."}
{"level":30,"time":1787009995366,"env":"development","version":"2.6.5","pid":2251,"requestId":"VNC9J-9IXAS","timestamp":"2026-08-17T23:39:55.366Z","resourceName":"git-working-directory","operation":"RegisterResource","msg":"Registering resource: 'git-working-directory'"}
{"level":30,"time":1787009995366,"env":"development","version":"2.6.5","pid":2251,"requestId":"VNC9J-9IXAS","timestamp":"2026-08-17T23:39:55.366Z","resourceName":"git-working-directory","operation":"RegisterResource","msg":"Resource 'git-working-directory' registered successfully."}
{"level":20,"time":1787009995366,"env":"development","version":"2.6.5","pid":2251,"requestId":"471S7-W89QN","timestamp":"2026-08-17T23:39:55.366Z","operation":"PromptRegistry.registerAll","msg":"Registering 1 prompts..."}
{"level":20,"time":1787009995366,"env":"development","version":"2.6.5","pid":2251,"requestId":"471S7-W89QN","timestamp":"2026-08-17T23:39:55.366Z","operation":"PromptRegistry.registerAll","msg":"Registering prompt: git_wrapup"}
{"level":30,"time":1787009995366,"env":"development","version":"2.6.5","pid":2251,"requestId":"471S7-W89QN","timestamp":"2026-08-17T23:39:55.366Z","operation":"PromptRegistry.registerAll","msg":"Registered prompt: git_wrapup"}
{"level":30,"time":1787009995366,"env":"development","version":"2.6.5","pid":2251,"requestId":"471S7-W89QN","timestamp":"2026-08-17T23:39:55.366Z","operation":"PromptRegistry.registerAll","msg":"Successfully registered 1 prompts"}
{"level":20,"time":1787009995366,"env":"development","version":"2.6.5","pid":2251,"requestId":"JPZLB-7PXQE","timestamp":"2026-08-17T23:39:55.366Z","operation":"RootsRegistry.registerAll","msg":"Roots capability enabled (client-provided roots)"}
{"level":30,"time":1787009995366,"env":"development","version":"2.6.5","pid":2251,"requestId":"JPZLB-7PXQE","timestamp":"2026-08-17T23:39:55.366Z","operation":"RootsRegistry.registerAll","msg":"Roots capability registered successfully"}
{"level":30,"time":1787009995366,"env":"development","version":"2.6.5","pid":2251,"requestId":"Y8661-EYAU6","timestamp":"2026-08-17T23:39:55.359Z","operation":"createMcpServerInstance","msg":"All MCP capabilities registered successfully"}
{"level":30,"time":1787009995366,"env":"development","version":"2.6.5","pid":2251,"transport":"stdio","requestId":"TB1WS-AKWGF","timestamp":"2026-08-17T23:39:55.359Z","operation":"connectStdioTransport","transportType":"Stdio","msg":"Attempting to connect stdio transport..."}
{"level":20,"time":1787009995366,"env":"development","version":"2.6.5","pid":2251,"transport":"stdio","requestId":"TB1WS-AKWGF","timestamp":"2026-08-17T23:39:55.359Z","operation":"connectStdioTransport","transportType":"Stdio","msg":"Creating StdioServerTransport instance..."}
{"level":20,"time":1787009995366,"env":"development","version":"2.6.5","pid":2251,"transport":"stdio","requestId":"TB1WS-AKWGF","timestamp":"2026-08-17T23:39:55.359Z","operation":"connectStdioTransport","transportType":"Stdio","msg":"Connecting McpServer instance to StdioServerTransport..."}
{"level":30,"time":1787009995367,"env":"development","version":"2.6.5","pid":2251,"transport":"stdio","requestId":"TB1WS-AKWGF","timestamp":"2026-08-17T23:39:55.359Z","operation":"connectStdioTransport","transportType":"Stdio","msg":"MCP Server connected and listening via stdio transport."}
{"level":30,"time":1787009995367,"env":"development","version":"2.6.5","pid":2251,"applicationName":"@cyanheads/git-mcp-server","applicationVersion":"2.6.5","nodeEnvironment":"development","requestId":"4PP3S-IOU22","timestamp":"2026-08-17T23:39:55.359Z","operation":"ServerStartup","msg":"@cyanheads/git-mcp-server is now running and ready."}
{"level":30,"time":1787012898003,"env":"development","version":"2.6.5","pid":2251,"triggerEvent":"SIGTERM","requestId":"G8PGJ-E6BCS","timestamp":"2026-08-18T00:28:18.002Z","operation":"ServerShutdown","msg":"Received SIGTERM. Initiating graceful shutdown..."}
{"level":30,"time":1787012898004,"env":"development","version":"2.6.5","pid":2251,"signal":"SIGTERM","requestId":"C615E-RRSEP","timestamp":"2026-08-18T00:28:18.004Z","operation":"stopStdioTransport","transportType":"Stdio","msg":"Attempting to stop stdio transport..."}
{"level":30,"time":1787012898006,"env":"development","version":"2.6.5","pid":2251,"signal":"SIGTERM","requestId":"C615E-RRSEP","timestamp":"2026-08-18T00:28:18.004Z","operation":"stopStdioTransport","transportType":"Stdio","msg":"Stdio transport stopped successfully."}
{"level":30,"time":1787012898006,"env":"development","version":"2.6.5","pid":2251,"triggerEvent":"SIGTERM","requestId":"G8PGJ-E6BCS","timestamp":"2026-08-18T00:28:18.002Z","operation":"ServerShutdown","msg":"Graceful shutdown completed successfully. Exiting."}
{"level":30,"time":1787012898007,"env":"development","version":"2.6.5","pid":2251,"requestId":"LIYJA-6W70O","timestamp":"2026-08-18T00:28:18.007Z","operation":"loggerClose","msg":"Logger shutting down."}
{"level":30,"time":1787036431112,"env":"development","version":"2.6.5","pid":4483,"requestId":"QN0UG-YFT4M","timestamp":"2026-08-18T07:00:31.101Z","operation":"loggerInit","msg":"Logger initialized. MCP level: debug."}
{"level":30,"time":1787036431113,"env":"development","version":"2.6.5","pid":4483,"requestId":"XASKY-TVAMO","timestamp":"2026-08-18T07:00:31.113Z","operation":"LoggerInit","msg":"Logger initialized. Effective MCP logging level: debug."}
{"level":30,"time":1787036431113,"env":"development","version":"2.6.5","pid":4483,"runtime":"node","runtimeVersion":"Node.js 26.3.0","requestId":"9PRVD-W1HW8","timestamp":"2026-08-18T07:00:31.113Z","operation":"RuntimeDetection","msg":"Runtime detected: Node.js 26.3.0"}
{"level":30,"time":1787036431113,"env":"development","version":"2.6.5","pid":4483,"requestId":"KI01D-VVR2T","timestamp":"2026-08-18T07:00:31.113Z","operation":"StorageInit","msg":"Storage service initialized with provider: in-memory"}
{"level":30,"time":1787036431114,"env":"development","version":"2.6.5","pid":4483,"applicationName":"@cyanheads/git-mcp-server","applicationVersion":"2.6.5","nodeEnvironment":"development","requestId":"LG9UF-L71NA","timestamp":"2026-08-18T07:00:31.114Z","operation":"ServerStartup","msg":"Starting @cyanheads/git-mcp-server (v2.6.5)..."}
{"level":30,"time":1787036431114,"env":"development","version":"2.6.5","pid":4483,"transport":"stdio","requestId":"EXN2E-KJE5O","timestamp":"2026-08-18T07:00:31.114Z","operation":"TransportManager.start","msg":"Starting transport: stdio"}
{"level":30,"time":1787036431114,"env":"development","version":"2.6.5","pid":4483,"requestId":"6RQAL-PSP5D","timestamp":"2026-08-18T07:00:31.114Z","operation":"createMcpServerInstance","msg":"Initializing MCP server instance"}
{"level":20,"time":1787036431114,"env":"development","version":"2.6.5","pid":4483,"requestId":"L1K1J-RIA86","timestamp":"2026-08-18T07:00:31.114Z","newConfigState":{"appName":"@cyanheads/git-mcp-server","appVersion":"2.6.5","environment":"development"},"operation":"RequestContextService.configure","msg":"RequestContextService configuration updated"}
{"level":20,"time":1787036431118,"env":"development","version":"2.6.5","pid":4483,"requestId":"6RQAL-PSP5D","timestamp":"2026-08-18T07:00:31.114Z","operation":"createMcpServerInstance","msg":"Registering all MCP capabilities via registries..."}
{"level":30,"time":1787036431118,"env":"development","version":"2.6.5","pid":4483,"requestId":"5MH4S-O3354","timestamp":"2026-08-18T07:00:31.118Z","operation":"ToolRegistry.registerAll","msg":"Registering 27 tool(s)..."}
{"level":20,"time":1787036431118,"env":"development","version":"2.6.5","pid":4483,"toolName":"git_add","requestId":"J8UBJ-YBVZ7","timestamp":"2026-08-18T07:00:31.118Z","operation":"ToolRegistry.registerTool","msg":"Registering tool: 'git_add'"}
{"level":30,"time":1787036431119,"env":"development","version":"2.6.5","pid":4483,"toolName":"git_add","requestId":"J8UBJ-YBVZ7","timestamp":"2026-08-18T07:00:31.118Z","operation":"ToolRegistry.registerTool","msg":"Tool 'git_add' registered successfully."}
{"level":20,"time":1787036431119,"env":"development","version":"2.6.5","pid":4483,"toolName":"git_blame","requestId":"AZH45-GNZ4U","timestamp":"2026-08-18T07:00:31.119Z","operation":"ToolRegistry.registerTool","msg":"Registering tool: 'git_blame'"}
{"level":30,"time":1787036431119,"env":"development","version":"2.6.5","pid":4483,"toolName":"git_blame","requestId":"AZH45-GNZ4U","timestamp":"2026-08-18T07:00:31.119Z","operation":"ToolRegistry.registerTool","msg":"Tool 'git_blame' registered successfully."}
{"level":20,"time":1787036431119,"env":"development","version":"2.6.5","pid":4483,"toolName":"git_branch","requestId":"LRDXS-QVS1G","timestamp":"2026-08-18T07:00:31.119Z","operation":"ToolRegistry.registerTool","msg":"Registering tool: 'git_branch'"}
{"level":30,"time":1787036431119,"env":"development","version":"2.6.5","pid":4483,"toolName":"git_branch","requestId":"LRDXS-QVS1G","timestamp":"2026-08-18T07:00:31.119Z","operation":"ToolRegistry.registerTool","msg":"Tool 'git_branch' registered successfully."}
{"level":20,"time":1787036431119,"env":"development","version":"2.6.5","pid":4483,"toolName":"git_checkout","requestId":"V5WWX-LZPFV","timestamp":"2026-08-18T07:00:31.119Z","operation":"ToolRegistry.registerTool","msg":"Registering tool: 'git_checkout'"}
{"level":30,"time":1787036431119,"env":"development","version":"2.6.5","pid":4483,"toolName":"git_checkout","requestId":"V5WWX-LZPFV","timestamp":"2026-08-18T07:00:31.119Z","operation":"ToolRegistry.registerTool","msg":"Tool 'git_checkout' registered successfully."}
{"level":20,"time":1787036431119,"env":"development","version":"2.6.5","pid":4483,"toolName":"git_cherry_pick","requestId":"BXRKI-PNI8H","timestamp":"2026-08-18T07:00:31.119Z","operation":"ToolRegistry.registerTool","msg":"Registering tool: 'git_cherry_pick'"}
{"level":30,"time":1787036431119,"env":"development","version":"2.6.5","pid":4483,"toolName":"git_cherry_pick","requestId":"BXRKI-PNI8H","timestamp":"2026-08-18T07:00:31.119Z","operation":"ToolRegistry.registerTool","msg":"Tool 'git_cherry_pick' registered successfully."}
{"level":20,"time":1787036431119,"env":"development","version":"2.6.5","pid":4483,"toolName":"git_clean","requestId":"V8J4U-P4L8N","timestamp":"2026-08-18T07:00:31.119Z","operation":"ToolRegistry.registerTool","msg":"Registering tool: 'git_clean'"}
{"level":30,"time":1787036431119,"env":"development","version":"2.6.5","pid":4483,"toolName":"git_clean","requestId":"V8J4U-P4L8N","timestamp":"2026-08-18T07:00:31.119Z","operation":"ToolRegistry.registerTool","msg":"Tool 'git_clean' registered successfully."}
{"level":20,"time":1787036431119,"env":"development","version":"2.6.5","pid":4483,"toolName":"git_clear_working_dir","requestId":"5OHN9-EKAM7","timestamp":"2026-08-18T07:00:31.119Z","operation":"ToolRegistry.registerTool","msg":"Registering tool: 'git_clear_working_dir'"}
{"level":30,"time":1787036431119,"env":"development","version":"2.6.5","pid":4483,"toolName":"git_clear_working_dir","requestId":"5OHN9-EKAM7","timestamp":"2026-08-18T07:00:31.119Z","operation":"ToolRegistry.registerTool","msg":"Tool 'git_clear_working_dir' registered successfully."}
{"level":20,"time":1787036431119,"env":"development","version":"2.6.5","pid":4483,"toolName":"git_clone","requestId":"VSTAX-DC72V","timestamp":"2026-08-18T07:00:31.119Z","operation":"ToolRegistry.registerTool","msg":"Registering tool: 'git_clone'"}
{"level":30,"time":1787036431119,"env":"development","version":"2.6.5","pid":4483,"toolName":"git_clone","requestId":"VSTAX-DC72V","timestamp":"2026-08-18T07:00:31.119Z","operation":"ToolRegistry.registerTool","msg":"Tool 'git_clone' registered successfully."}
{"level":20,"time":1787036431119,"env":"development","version":"2.6.5","pid":4483,"toolName":"git_commit","requestId":"MTOOM-HX6E8","timestamp":"2026-08-18T07:00:31.119Z","operation":"ToolRegistry.registerTool","msg":"Registering tool: 'git_commit'"}
{"level":30,"time":1787036431119,"env":"development","version":"2.6.5","pid":4483,"toolName":"git_commit","requestId":"MTOOM-HX6E8","timestamp":"2026-08-18T07:00:31.119Z","operation":"ToolRegistry.registerTool","msg":"Tool 'git_commit' registered successfully."}
{"level":20,"time":1787036431119,"env":"development","version":"2.6.5","pid":4483,"toolName":"git_diff","requestId":"A915D-2PKGF","timestamp":"2026-08-18T07:00:31.119Z","operation":"ToolRegistry.registerTool","msg":"Registering tool: 'git_diff'"}
{"level":30,"time":1787036431119,"env":"development","version":"2.6.5","pid":4483,"toolName":"git_diff","requestId":"A915D-2PKGF","timestamp":"2026-08-18T07:00:31.119Z","operation":"ToolRegistry.registerTool","msg":"Tool 'git_diff' registered successfully."}
{"level":20,"time":1787036431119,"env":"development","version":"2.6.5","pid":4483,"toolName":"git_fetch","requestId":"XSLZQ-QFEU1","timestamp":"2026-08-18T07:00:31.119Z","operation":"ToolRegistry.registerTool","msg":"Registering tool: 'git_fetch'"}
{"level":30,"time":1787036431119,"env":"development","version":"2.6.5","pid":4483,"toolName":"git_fetch","requestId":"XSLZQ-QFEU1","timestamp":"2026-08-18T07:00:31.119Z","operation":"ToolRegistry.registerTool","msg":"Tool 'git_fetch' registered successfully."}
{"level":20,"time":1787036431119,"env":"development","version":"2.6.5","pid":4483,"toolName":"git_init","requestId":"S1YIV-3J3IM","timestamp":"2026-08-18T07:00:31.119Z","operation":"ToolRegistry.registerTool","msg":"Registering tool: 'git_init'"}
{"level":30,"time":1787036431119,"env":"development","version":"2.6.5","pid":4483,"toolName":"git_init","requestId":"S1YIV-3J3IM","timestamp":"2026-08-18T07:00:31.119Z","operation":"ToolRegistry.registerTool","msg":"Tool 'git_init' registered successfully."}
{"level":20,"time":1787036431119,"env":"development","version":"2.6.5","pid":4483,"toolName":"git_log","requestId":"RAXPT-FL0E0","timestamp":"2026-08-18T07:00:31.119Z","operation":"ToolRegistry.registerTool","msg":"Registering tool: 'git_log'"}
{"level":30,"time":1787036431119,"env":"development","version":"2.6.5","pid":4483,"toolName":"git_log","requestId":"RAXPT-FL0E0","timestamp":"2026-08-18T07:00:31.119Z","operation":"ToolRegistry.registerTool","msg":"Tool 'git_log' registered successfully."}
{"level":20,"time":1787036431119,"env":"development","version":"2.6.5","pid":4483,"toolName":"git_merge","requestId":"GZ589-KJCJU","timestamp":"2026-08-18T07:00:31.119Z","operation":"ToolRegistry.registerTool","msg":"Registering tool: 'git_merge'"}
{"level":30,"time":1787036431119,"env":"development","version":"2.6.5","pid":4483,"toolName":"git_merge","requestId":"GZ589-KJCJU","timestamp":"2026-08-18T07:00:31.119Z","operation":"ToolRegistry.registerTool","msg":"Tool 'git_merge' registered successfully."}
{"level":20,"time":1787036431119,"env":"development","version":"2.6.5","pid":4483,"toolName":"git_pull","requestId":"KTYCO-Y8N1D","timestamp":"2026-08-18T07:00:31.119Z","operation":"ToolRegistry.registerTool","msg":"Registering tool: 'git_pull'"}
{"level":30,"time":1787036431119,"env":"development","version":"2.6.5","pid":4483,"toolName":"git_pull","requestId":"KTYCO-Y8N1D","timestamp":"2026-08-18T07:00:31.119Z","operation":"ToolRegistry.registerTool","msg":"Tool 'git_pull' registered successfully."}
{"level":20,"time":1787036431119,"env":"development","version":"2.6.5","pid":4483,"toolName":"git_push","requestId":"471WE-VFX60","timestamp":"2026-08-18T07:00:31.119Z","operation":"ToolRegistry.registerTool","msg":"Registering tool: 'git_push'"}
{"level":30,"time":1787036431119,"env":"development","version":"2.6.5","pid":4483,"toolName":"git_push","requestId":"471WE-VFX60","timestamp":"2026-08-18T07:00:31.119Z","operation":"ToolRegistry.registerTool","msg":"Tool 'git_push' registered successfully."}
{"level":20,"time":1787036431119,"env":"development","version":"2.6.5","pid":4483,"toolName":"git_rebase","requestId":"8GK4Y-W6CTZ","timestamp":"2026-08-18T07:00:31.119Z","operation":"ToolRegistry.registerTool","msg":"Registering tool: 'git_rebase'"}
{"level":30,"time":1787036431119,"env":"development","version":"2.6.5","pid":4483,"toolName":"git_rebase","requestId":"8GK4Y-W6CTZ","timestamp":"2026-08-18T07:00:31.119Z","operation":"ToolRegistry.registerTool","msg":"Tool 'git_rebase' registered successfully."}
{"level":20,"time":1787036431119,"env":"development","version":"2.6.5","pid":4483,"toolName":"git_reflog","requestId":"E8GLL-ETRRV","timestamp":"2026-08-18T07:00:31.119Z","operation":"ToolRegistry.registerTool","msg":"Registering tool: 'git_reflog'"}
{"level":30,"time":1787036431119,"env":"development","version":"2.6.5","pid":4483,"toolName":"git_reflog","requestId":"E8GLL-ETRRV","timestamp":"2026-08-18T07:00:31.119Z","operation":"ToolRegistry.registerTool","msg":"Tool 'git_reflog' registered successfully."}
{"level":20,"time":1787036431119,"env":"development","version":"2.6.5","pid":4483,"toolName":"git_remote","requestId":"YXUP3-HBGFZ","timestamp":"2026-08-18T07:00:31.119Z","operation":"ToolRegistry.registerTool","msg":"Registering tool: 'git_remote'"}
{"level":30,"time":1787036431119,"env":"development","version":"2.6.5","pid":4483,"toolName":"git_remote","requestId":"YXUP3-HBGFZ","timestamp":"2026-08-18T07:00:31.119Z","operation":"ToolRegistry.registerTool","msg":"Tool 'git_remote' registered successfully."}
{"level":20,"time":1787036431119,"env":"development","version":"2.6.5","pid":4483,"toolName":"git_reset","requestId":"IHNPA-HJ5VI","timestamp":"2026-08-18T07:00:31.119Z","operation":"ToolRegistry.registerTool","msg":"Registering tool: 'git_reset'"}
{"level":30,"time":1787036431119,"env":"development","version":"2.6.5","pid":4483,"toolName":"git_reset","requestId":"IHNPA-HJ5VI","timestamp":"2026-08-18T07:00:31.119Z","operation":"ToolRegistry.registerTool","msg":"Tool 'git_reset' registered successfully."}
{"level":20,"time":1787036431119,"env":"development","version":"2.6.5","pid":4483,"toolName":"git_set_working_dir","requestId":"DIB46-NNHVZ","timestamp":"2026-08-18T07:00:31.119Z","operation":"ToolRegistry.registerTool","msg":"Registering tool: 'git_set_working_dir'"}
{"level":30,"time":1787036431119,"env":"development","version":"2.6.5","pid":4483,"toolName":"git_set_working_dir","requestId":"DIB46-NNHVZ","timestamp":"2026-08-18T07:00:31.119Z","operation":"ToolRegistry.registerTool","msg":"Tool 'git_set_working_dir' registered successfully."}
{"level":20,"time":1787036431120,"env":"development","version":"2.6.5","pid":4483,"toolName":"git_show","requestId":"ZKUIA-JLGJH","timestamp":"2026-08-18T07:00:31.120Z","operation":"ToolRegistry.registerTool","msg":"Registering tool: 'git_show'"}
{"level":30,"time":1787036431120,"env":"development","version":"2.6.5","pid":4483,"toolName":"git_show","requestId":"ZKUIA-JLGJH","timestamp":"2026-08-18T07:00:31.120Z","operation":"ToolRegistry.registerTool","msg":"Tool 'git_show' registered successfully."}
{"level":20,"time":1787036431120,"env":"development","version":"2.6.5","pid":4483,"toolName":"git_stash","requestId":"G7RGX-HG5BP","timestamp":"2026-08-18T07:00:31.120Z","operation":"ToolRegistry.registerTool","msg":"Registering tool: 'git_stash'"}
{"level":30,"time":1787036431120,"env":"development","version":"2.6.5","pid":4483,"toolName":"git_stash","requestId":"G7RGX-HG5BP","timestamp":"2026-08-18T07:00:31.120Z","operation":"ToolRegistry.registerTool","msg":"Tool 'git_stash' registered successfully."}
{"level":20,"time":1787036431120,"env":"development","version":"2.6.5","pid":4483,"toolName":"git_status","requestId":"IA8AZ-Q5Q95","timestamp":"2026-08-18T07:00:31.120Z","operation":"ToolRegistry.registerTool","msg":"Registering tool: 'git_status'"}
{"level":30,"time":1787036431120,"env":"development","version":"2.6.5","pid":4483,"toolName":"git_status","requestId":"IA8AZ-Q5Q95","timestamp":"2026-08-18T07:00:31.120Z","operation":"ToolRegistry.registerTool","msg":"Tool 'git_status' registered successfully."}
{"level":20,"time":1787036431120,"env":"development","version":"2.6.5","pid":4483,"toolName":"git_tag","requestId":"5698O-8NCT7","timestamp":"2026-08-18T07:00:31.120Z","operation":"ToolRegistry.registerTool","msg":"Registering tool: 'git_tag'"}
{"level":30,"time":1787036431120,"env":"development","version":"2.6.5","pid":4483,"toolName":"git_tag","requestId":"5698O-8NCT7","timestamp":"2026-08-18T07:00:31.120Z","operation":"ToolRegistry.registerTool","msg":"Tool 'git_tag' registered successfully."}
{"level":20,"time":1787036431120,"env":"development","version":"2.6.5","pid":4483,"toolName":"git_worktree","requestId":"MQMFO-JMLY5","timestamp":"2026-08-18T07:00:31.120Z","operation":"ToolRegistry.registerTool","msg":"Registering tool: 'git_worktree'"}
{"level":30,"time":1787036431120,"env":"development","version":"2.6.5","pid":4483,"toolName":"git_worktree","requestId":"MQMFO-JMLY5","timestamp":"2026-08-18T07:00:31.120Z","operation":"ToolRegistry.registerTool","msg":"Tool 'git_worktree' registered successfully."}
{"level":20,"time":1787036431120,"env":"development","version":"2.6.5","pid":4483,"toolName":"git_wrapup_instructions","requestId":"8JO87-MR8R0","timestamp":"2026-08-18T07:00:31.120Z","operation":"ToolRegistry.registerTool","msg":"Registering tool: 'git_wrapup_instructions'"}
{"level":30,"time":1787036431120,"env":"development","version":"2.6.5","pid":4483,"toolName":"git_wrapup_instructions","requestId":"8JO87-MR8R0","timestamp":"2026-08-18T07:00:31.120Z","operation":"ToolRegistry.registerTool","msg":"Tool 'git_wrapup_instructions' registered successfully."}
{"level":30,"time":1787036431120,"env":"development","version":"2.6.5","pid":4483,"requestId":"AEUCG-ENQ3B","timestamp":"2026-08-18T07:00:31.120Z","operation":"ResourceRegistry.registerAll","msg":"Registering 1 resource(s)..."}
{"level":30,"time":1787036431120,"env":"development","version":"2.6.5","pid":4483,"requestId":"8HIQ9-F1JL5","timestamp":"2026-08-18T07:00:31.120Z","resourceName":"git-working-directory","operation":"RegisterResource","msg":"Registering resource: 'git-working-directory'"}
{"level":30,"time":1787036431120,"env":"development","version":"2.6.5","pid":4483,"requestId":"8HIQ9-F1JL5","timestamp":"2026-08-18T07:00:31.120Z","resourceName":"git-working-directory","operation":"RegisterResource","msg":"Resource 'git-working-directory' registered successfully."}
{"level":20,"time":1787036431120,"env":"development","version":"2.6.5","pid":4483,"requestId":"GGPNM-MG14P","timestamp":"2026-08-18T07:00:31.120Z","operation":"PromptRegistry.registerAll","msg":"Registering 1 prompts..."}
{"level":20,"time":1787036431120,"env":"development","version":"2.6.5","pid":4483,"requestId":"GGPNM-MG14P","timestamp":"2026-08-18T07:00:31.120Z","operation":"PromptRegistry.registerAll","msg":"Registering prompt: git_wrapup"}
{"level":30,"time":1787036431126,"env":"development","version":"2.6.5","pid":4483,"requestId":"GGPNM-MG14P","timestamp":"2026-08-18T07:00:31.120Z","operation":"PromptRegistry.registerAll","msg":"Registered prompt: git_wrapup"}
{"level":30,"time":1787036431126,"env":"development","version":"2.6.5","pid":4483,"requestId":"GGPNM-MG14P","timestamp":"2026-08-18T07:00:31.120Z","operation":"PromptRegistry.registerAll","msg":"Successfully registered 1 prompts"}
{"level":20,"time":1787036431126,"env":"development","version":"2.6.5","pid":4483,"requestId":"L0IGX-X0U6D","timestamp":"2026-08-18T07:00:31.126Z","operation":"RootsRegistry.registerAll","msg":"Roots capability enabled (client-provided roots)"}
{"level":30,"time":1787036431126,"env":"development","version":"2.6.5","pid":4483,"requestId":"L0IGX-X0U6D","timestamp":"2026-08-18T07:00:31.126Z","operation":"RootsRegistry.registerAll","msg":"Roots capability registered successfully"}
{"level":30,"time":1787036431126,"env":"development","version":"2.6.5","pid":4483,"requestId":"6RQAL-PSP5D","timestamp":"2026-08-18T07:00:31.114Z","operation":"createMcpServerInstance","msg":"All MCP capabilities registered successfully"}
{"level":30,"time":1787036431126,"env":"development","version":"2.6.5","pid":4483,"transport":"stdio","requestId":"EXN2E-KJE5O","timestamp":"2026-08-18T07:00:31.114Z","operation":"connectStdioTransport","transportType":"Stdio","msg":"Attempting to connect stdio transport..."}
{"level":20,"time":1787036431126,"env":"development","version":"2.6.5","pid":4483,"transport":"stdio","requestId":"EXN2E-KJE5O","timestamp":"2026-08-18T07:00:31.114Z","operation":"connectStdioTransport","transportType":"Stdio","msg":"Creating StdioServerTransport instance..."}
{"level":20,"time":1787036431126,"env":"development","version":"2.6.5","pid":4483,"transport":"stdio","requestId":"EXN2E-KJE5O","timestamp":"2026-08-18T07:00:31.114Z","operation":"connectStdioTransport","transportType":"Stdio","msg":"Connecting McpServer instance to StdioServerTransport..."}
{"level":30,"time":1787036431126,"env":"development","version":"2.6.5","pid":4483,"transport":"stdio","requestId":"EXN2E-KJE5O","timestamp":"2026-08-18T07:00:31.114Z","operation":"connectStdioTransport","transportType":"Stdio","msg":"MCP Server connected and listening via stdio transport."}
{"level":30,"time":1787036431126,"env":"development","version":"2.6.5","pid":4483,"applicationName":"@cyanheads/git-mcp-server","applicationVersion":"2.6.5","nodeEnvironment":"development","requestId":"LG9UF-L71NA","timestamp":"2026-08-18T07:00:31.114Z","operation":"ServerStartup","msg":"@cyanheads/git-mcp-server is now running and ready."}
{"level":30,"time":1787036431456,"env":"development","version":"2.6.5","pid":4561,"requestId":"U2QIZ-QF04K","timestamp":"2026-08-18T07:00:31.451Z","operation":"loggerInit","msg":"Logger initialized. MCP level: debug."}
{"level":30,"time":1787036431456,"env":"development","version":"2.6.5","pid":4561,"requestId":"IY99Q-BTTE0","timestamp":"2026-08-18T07:00:31.456Z","operation":"LoggerInit","msg":"Logger initialized. Effective MCP logging level: debug."}
{"level":30,"time":1787036431456,"env":"development","version":"2.6.5","pid":4561,"runtime":"node","runtimeVersion":"Node.js 26.3.0","requestId":"29TU7-3EDZO","timestamp":"2026-08-18T07:00:31.456Z","operation":"RuntimeDetection","msg":"Runtime detected: Node.js 26.3.0"}
{"level":30,"time":1787036431456,"env":"development","version":"2.6.5","pid":4561,"requestId":"AA1VF-BO9ZP","timestamp":"2026-08-18T07:00:31.456Z","operation":"StorageInit","msg":"Storage service initialized with provider: in-memory"}
{"level":30,"time":1787036431456,"env":"development","version":"2.6.5","pid":4561,"applicationName":"@cyanheads/git-mcp-server","applicationVersion":"2.6.5","nodeEnvironment":"development","requestId":"BQ7WJ-H1IIT","timestamp":"2026-08-18T07:00:31.456Z","operation":"ServerStartup","msg":"Starting @cyanheads/git-mcp-server (v2.6.5)..."}
{"level":30,"time":1787036431456,"env":"development","version":"2.6.5","pid":4561,"transport":"stdio","requestId":"Q3FJF-B5C22","timestamp":"2026-08-18T07:00:31.456Z","operation":"TransportManager.start","msg":"Starting transport: stdio"}
{"level":30,"time":1787036431456,"env":"development","version":"2.6.5","pid":4561,"requestId":"MOI9Q-U308O","timestamp":"2026-08-18T07:00:31.456Z","operation":"createMcpServerInstance","msg":"Initializing MCP server instance"}
{"level":20,"time":1787036431457,"env":"development","version":"2.6.5","pid":4561,"requestId":"5KTDB-KRHR2","timestamp":"2026-08-18T07:00:31.457Z","newConfigState":{"appName":"@cyanheads/git-mcp-server","appVersion":"2.6.5","environment":"development"},"operation":"RequestContextService.configure","msg":"RequestContextService configuration updated"}
{"level":20,"time":1787036431460,"env":"development","version":"2.6.5","pid":4561,"requestId":"MOI9Q-U308O","timestamp":"2026-08-18T07:00:31.456Z","operation":"createMcpServerInstance","msg":"Registering all MCP capabilities via registries..."}
{"level":30,"time":1787036431460,"env":"development","version":"2.6.5","pid":4561,"requestId":"JBOYT-MLM89","timestamp":"2026-08-18T07:00:31.460Z","operation":"ToolRegistry.registerAll","msg":"Registering 27 tool(s)..."}
{"level":20,"time":1787036431460,"env":"development","version":"2.6.5","pid":4561,"toolName":"git_add","requestId":"132VZ-VIYV0","timestamp":"2026-08-18T07:00:31.460Z","operation":"ToolRegistry.registerTool","msg":"Registering tool: 'git_add'"}
{"level":30,"time":1787036431461,"env":"development","version":"2.6.5","pid":4561,"toolName":"git_add","requestId":"132VZ-VIYV0","timestamp":"2026-08-18T07:00:31.460Z","operation":"ToolRegistry.registerTool","msg":"Tool 'git_add' registered successfully."}
{"level":20,"time":1787036431461,"env":"development","version":"2.6.5","pid":4561,"toolName":"git_blame","requestId":"ODOA9-87MPF","timestamp":"2026-08-18T07:00:31.461Z","operation":"ToolRegistry.registerTool","msg":"Registering tool: 'git_blame'"}
{"level":30,"time":1787036431461,"env":"development","version":"2.6.5","pid":4561,"toolName":"git_blame","requestId":"ODOA9-87MPF","timestamp":"2026-08-18T07:00:31.461Z","operation":"ToolRegistry.registerTool","msg":"Tool 'git_blame' registered successfully."}
{"level":20,"time":1787036431461,"env":"development","version":"2.6.5","pid":4561,"toolName":"git_branch","requestId":"TRJAN-1QVWF","timestamp":"2026-08-18T07:00:31.461Z","operation":"ToolRegistry.registerTool","msg":"Registering tool: 'git_branch'"}
{"level":30,"time":1787036431461,"env":"development","version":"2.6.5","pid":4561,"toolName":"git_branch","requestId":"TRJAN-1QVWF","timestamp":"2026-08-18T07:00:31.461Z","operation":"ToolRegistry.registerTool","msg":"Tool 'git_branch' registered successfully."}
{"level":20,"time":1787036431461,"env":"development","version":"2.6.5","pid":4561,"toolName":"git_checkout","requestId":"PB746-ET66X","timestamp":"2026-08-18T07:00:31.461Z","operation":"ToolRegistry.registerTool","msg":"Registering tool: 'git_checkout'"}
{"level":30,"time":1787036431461,"env":"development","version":"2.6.5","pid":4561,"toolName":"git_checkout","requestId":"PB746-ET66X","timestamp":"2026-08-18T07:00:31.461Z","operation":"ToolRegistry.registerTool","msg":"Tool 'git_checkout' registered successfully."}
{"level":20,"time":1787036431461,"env":"development","version":"2.6.5","pid":4561,"toolName":"git_cherry_pick","requestId":"QY3FJ-YEHF0","timestamp":"2026-08-18T07:00:31.461Z","operation":"ToolRegistry.registerTool","msg":"Registering tool: 'git_cherry_pick'"}
{"level":30,"time":1787036431461,"env":"development","version":"2.6.5","pid":4561,"toolName":"git_cherry_pick","requestId":"QY3FJ-YEHF0","timestamp":"2026-08-18T07:00:31.461Z","operation":"ToolRegistry.registerTool","msg":"Tool 'git_cherry_pick' registered successfully."}
{"level":20,"time":1787036431461,"env":"development","version":"2.6.5","pid":4561,"toolName":"git_clean","requestId":"OC1SR-GL78Y","timestamp":"2026-08-18T07:00:31.461Z","operation":"ToolRegistry.registerTool","msg":"Registering tool: 'git_clean'"}
{"level":30,"time":1787036431461,"env":"development","version":"2.6.5","pid":4561,"toolName":"git_clean","requestId":"OC1SR-GL78Y","timestamp":"2026-08-18T07:00:31.461Z","operation":"ToolRegistry.registerTool","msg":"Tool 'git_clean' registered successfully."}
{"level":20,"time":1787036431461,"env":"development","version":"2.6.5","pid":4561,"toolName":"git_clear_working_dir","requestId":"MU934-MN7E0","timestamp":"2026-08-18T07:00:31.461Z","operation":"ToolRegistry.registerTool","msg":"Registering tool: 'git_clear_working_dir'"}
{"level":30,"time":1787036431461,"env":"development","version":"2.6.5","pid":4561,"toolName":"git_clear_working_dir","requestId":"MU934-MN7E0","timestamp":"2026-08-18T07:00:31.461Z","operation":"ToolRegistry.registerTool","msg":"Tool 'git_clear_working_dir' registered successfully."}
{"level":20,"time":1787036431461,"env":"development","version":"2.6.5","pid":4561,"toolName":"git_clone","requestId":"AA9X9-FSIVS","timestamp":"2026-08-18T07:00:31.461Z","operation":"ToolRegistry.registerTool","msg":"Registering tool: 'git_clone'"}
{"level":30,"time":1787036431461,"env":"development","version":"2.6.5","pid":4561,"toolName":"git_clone","requestId":"AA9X9-FSIVS","timestamp":"2026-08-18T07:00:31.461Z","operation":"ToolRegistry.registerTool","msg":"Tool 'git_clone' registered successfully."}
{"level":20,"time":1787036431461,"env":"development","version":"2.6.5","pid":4561,"toolName":"git_commit","requestId":"ISBMX-LJ1FQ","timestamp":"2026-08-18T07:00:31.461Z","operation":"ToolRegistry.registerTool","msg":"Registering tool: 'git_commit'"}
{"level":30,"time":1787036431461,"env":"development","version":"2.6.5","pid":4561,"toolName":"git_commit","requestId":"ISBMX-LJ1FQ","timestamp":"2026-08-18T07:00:31.461Z","operation":"ToolRegistry.registerTool","msg":"Tool 'git_commit' registered successfully."}
{"level":20,"time":1787036431461,"env":"development","version":"2.6.5","pid":4561,"toolName":"git_diff","requestId":"UU3FZ-ST7BX","timestamp":"2026-08-18T07:00:31.461Z","operation":"ToolRegistry.registerTool","msg":"Registering tool: 'git_diff'"}
{"level":30,"time":1787036431461,"env":"development","version":"2.6.5","pid":4561,"toolName":"git_diff","requestId":"UU3FZ-ST7BX","timestamp":"2026-08-18T07:00:31.461Z","operation":"ToolRegistry.registerTool","msg":"Tool 'git_diff' registered successfully."}
{"level":20,"time":1787036431461,"env":"development","version":"2.6.5","pid":4561,"toolName":"git_fetch","requestId":"O0ZJI-OTYAA","timestamp":"2026-08-18T07:00:31.461Z","operation":"ToolRegistry.registerTool","msg":"Registering tool: 'git_fetch'"}
{"level":30,"time":1787036431461,"env":"development","version":"2.6.5","pid":4561,"toolName":"git_fetch","requestId":"O0ZJI-OTYAA","timestamp":"2026-08-18T07:00:31.461Z","operation":"ToolRegistry.registerTool","msg":"Tool 'git_fetch' registered successfully."}
{"level":20,"time":1787036431461,"env":"development","version":"2.6.5","pid":4561,"toolName":"git_init","requestId":"YATL2-2UC8O","timestamp":"2026-08-18T07:00:31.461Z","operation":"ToolRegistry.registerTool","msg":"Registering tool: 'git_init'"}
{"level":30,"time":1787036431461,"env":"development","version":"2.6.5","pid":4561,"toolName":"git_init","requestId":"YATL2-2UC8O","timestamp":"2026-08-18T07:00:31.461Z","operation":"ToolRegistry.registerTool","msg":"Tool 'git_init' registered successfully."}
{"level":20,"time":1787036431461,"env":"development","version":"2.6.5","pid":4561,"toolName":"git_log","requestId":"YPG7R-5ACFS","timestamp":"2026-08-18T07:00:31.461Z","operation":"ToolRegistry.registerTool","msg":"Registering tool: 'git_log'"}
{"level":30,"time":1787036431461,"env":"development","version":"2.6.5","pid":4561,"toolName":"git_log","requestId":"YPG7R-5ACFS","timestamp":"2026-08-18T07:00:31.461Z","operation":"ToolRegistry.registerTool","msg":"Tool 'git_log' registered successfully."}
{"level":20,"time":1787036431461,"env":"development","version":"2.6.5","pid":4561,"toolName":"git_merge","requestId":"TMB0H-1P3TE","timestamp":"2026-08-18T07:00:31.461Z","operation":"ToolRegistry.registerTool","msg":"Registering tool: 'git_merge'"}
{"level":30,"time":1787036431461,"env":"development","version":"2.6.5","pid":4561,"toolName":"git_merge","requestId":"TMB0H-1P3TE","timestamp":"2026-08-18T07:00:31.461Z","operation":"ToolRegistry.registerTool","msg":"Tool 'git_merge' registered successfully."}
{"level":20,"time":1787036431461,"env":"development","version":"2.6.5","pid":4561,"toolName":"git_pull","requestId":"VTQHN-IHEBJ","timestamp":"2026-08-18T07:00:31.461Z","operation":"ToolRegistry.registerTool","msg":"Registering tool: 'git_pull'"}
{"level":30,"time":1787036431461,"env":"development","version":"2.6.5","pid":4561,"toolName":"git_pull","requestId":"VTQHN-IHEBJ","timestamp":"2026-08-18T07:00:31.461Z","operation":"ToolRegistry.registerTool","msg":"Tool 'git_pull' registered successfully."}
{"level":20,"time":1787036431461,"env":"development","version":"2.6.5","pid":4561,"toolName":"git_push","requestId":"J6K4V-CRBUK","timestamp":"2026-08-18T07:00:31.461Z","operation":"ToolRegistry.registerTool","msg":"Registering tool: 'git_push'"}
{"level":30,"time":1787036431461,"env":"development","version":"2.6.5","pid":4561,"toolName":"git_push","requestId":"J6K4V-CRBUK","timestamp":"2026-08-18T07:00:31.461Z","operation":"ToolRegistry.registerTool","msg":"Tool 'git_push' registered successfully."}
{"level":20,"time":1787036431461,"env":"development","version":"2.6.5","pid":4561,"toolName":"git_rebase","requestId":"3MRC7-CBIKV","timestamp":"2026-08-18T07:00:31.461Z","operation":"ToolRegistry.registerTool","msg":"Registering tool: 'git_rebase'"}
{"level":30,"time":1787036431461,"env":"development","version":"2.6.5","pid":4561,"toolName":"git_rebase","requestId":"3MRC7-CBIKV","timestamp":"2026-08-18T07:00:31.461Z","operation":"ToolRegistry.registerTool","msg":"Tool 'git_rebase' registered successfully."}
{"level":20,"time":1787036431461,"env":"development","version":"2.6.5","pid":4561,"toolName":"git_reflog","requestId":"Z8YQ8-QDT0F","timestamp":"2026-08-18T07:00:31.461Z","operation":"ToolRegistry.registerTool","msg":"Registering tool: 'git_reflog'"}
{"level":30,"time":1787036431461,"env":"development","version":"2.6.5","pid":4561,"toolName":"git_reflog","requestId":"Z8YQ8-QDT0F","timestamp":"2026-08-18T07:00:31.461Z","operation":"ToolRegistry.registerTool","msg":"Tool 'git_reflog' registered successfully."}
{"level":20,"time":1787036431461,"env":"development","version":"2.6.5","pid":4561,"toolName":"git_remote","requestId":"ILMMX-N9XBZ","timestamp":"2026-08-18T07:00:31.461Z","operation":"ToolRegistry.registerTool","msg":"Registering tool: 'git_remote'"}
{"level":30,"time":1787036431461,"env":"development","version":"2.6.5","pid":4561,"toolName":"git_remote","requestId":"ILMMX-N9XBZ","timestamp":"2026-08-18T07:00:31.461Z","operation":"ToolRegistry.registerTool","msg":"Tool 'git_remote' registered successfully."}
{"level":20,"time":1787036431461,"env":"development","version":"2.6.5","pid":4561,"toolName":"git_reset","requestId":"ZXOFK-R1L5V","timestamp":"2026-08-18T07:00:31.461Z","operation":"ToolRegistry.registerTool","msg":"Registering tool: 'git_reset'"}
{"level":30,"time":1787036431461,"env":"development","version":"2.6.5","pid":4561,"toolName":"git_reset","requestId":"ZXOFK-R1L5V","timestamp":"2026-08-18T07:00:31.461Z","operation":"ToolRegistry.registerTool","msg":"Tool 'git_reset' registered successfully."}
{"level":20,"time":1787036431461,"env":"development","version":"2.6.5","pid":4561,"toolName":"git_set_working_dir","requestId":"8X0J4-BEVZC","timestamp":"2026-08-18T07:00:31.461Z","operation":"ToolRegistry.registerTool","msg":"Registering tool: 'git_set_working_dir'"}
{"level":30,"time":1787036431461,"env":"development","version":"2.6.5","pid":4561,"toolName":"git_set_working_dir","requestId":"8X0J4-BEVZC","timestamp":"2026-08-18T07:00:31.461Z","operation":"ToolRegistry.registerTool","msg":"Tool 'git_set_working_dir' registered successfully."}
{"level":20,"time":1787036431461,"env":"development","version":"2.6.5","pid":4561,"toolName":"git_show","requestId":"8W9L8-GDCXR","timestamp":"2026-08-18T07:00:31.461Z","operation":"ToolRegistry.registerTool","msg":"Registering tool: 'git_show'"}
{"level":30,"time":1787036431461,"env":"development","version":"2.6.5","pid":4561,"toolName":"git_show","requestId":"8W9L8-GDCXR","timestamp":"2026-08-18T07:00:31.461Z","operation":"ToolRegistry.registerTool","msg":"Tool 'git_show' registered successfully."}
{"level":20,"time":1787036431461,"env":"development","version":"2.6.5","pid":4561,"toolName":"git_stash","requestId":"N3I92-7IH81","timestamp":"2026-08-18T07:00:31.461Z","operation":"ToolRegistry.registerTool","msg":"Registering tool: 'git_stash'"}
{"level":30,"time":1787036431461,"env":"development","version":"2.6.5","pid":4561,"toolName":"git_stash","requestId":"N3I92-7IH81","timestamp":"2026-08-18T07:00:31.461Z","operation":"ToolRegistry.registerTool","msg":"Tool 'git_stash' registered successfully."}
{"level":20,"time":1787036431461,"env":"development","version":"2.6.5","pid":4561,"toolName":"git_status","requestId":"US8PM-8YAYJ","timestamp":"2026-08-18T07:00:31.461Z","operation":"ToolRegistry.registerTool","msg":"Registering tool: 'git_status'"}
{"level":30,"time":1787036431461,"env":"development","version":"2.6.5","pid":4561,"toolName":"git_status","requestId":"US8PM-8YAYJ","timestamp":"2026-08-18T07:00:31.461Z","operation":"ToolRegistry.registerTool","msg":"Tool 'git_status' registered successfully."}
{"level":20,"time":1787036431461,"env":"development","version":"2.6.5","pid":4561,"toolName":"git_tag","requestId":"XUQ8H-O71LR","timestamp":"2026-08-18T07:00:31.461Z","operation":"ToolRegistry.registerTool","msg":"Registering tool: 'git_tag'"}
{"level":30,"time":1787036431461,"env":"development","version":"2.6.5","pid":4561,"toolName":"git_tag","requestId":"XUQ8H-O71LR","timestamp":"2026-08-18T07:00:31.461Z","operation":"ToolRegistry.registerTool","msg":"Tool 'git_tag' registered successfully."}
{"level":20,"time":1787036431462,"env":"development","version":"2.6.5","pid":4561,"toolName":"git_worktree","requestId":"7KD5M-G32ST","timestamp":"2026-08-18T07:00:31.462Z","operation":"ToolRegistry.registerTool","msg":"Registering tool: 'git_worktree'"}
{"level":30,"time":1787036431462,"env":"development","version":"2.6.5","pid":4561,"toolName":"git_worktree","requestId":"7KD5M-G32ST","timestamp":"2026-08-18T07:00:31.462Z","operation":"ToolRegistry.registerTool","msg":"Tool 'git_worktree' registered successfully."}
{"level":20,"time":1787036431462,"env":"development","version":"2.6.5","pid":4561,"toolName":"git_wrapup_instructions","requestId":"4218P-SOV26","timestamp":"2026-08-18T07:00:31.462Z","operation":"ToolRegistry.registerTool","msg":"Registering tool: 'git_wrapup_instructions'"}
{"level":30,"time":1787036431462,"env":"development","version":"2.6.5","pid":4561,"toolName":"git_wrapup_instructions","requestId":"4218P-SOV26","timestamp":"2026-08-18T07:00:31.462Z","operation":"ToolRegistry.registerTool","msg":"Tool 'git_wrapup_instructions' registered successfully."}
{"level":30,"time":1787036431462,"env":"development","version":"2.6.5","pid":4561,"requestId":"QMK2D-X835D","timestamp":"2026-08-18T07:00:31.462Z","operation":"ResourceRegistry.registerAll","msg":"Registering 1 resource(s)..."}
{"level":30,"time":1787036431462,"env":"development","version":"2.6.5","pid":4561,"requestId":"FPF86-7G831","timestamp":"2026-08-18T07:00:31.462Z","resourceName":"git-working-directory","operation":"RegisterResource","msg":"Registering resource: 'git-working-directory'"}
{"level":30,"time":1787036431462,"env":"development","version":"2.6.5","pid":4561,"requestId":"FPF86-7G831","timestamp":"2026-08-18T07:00:31.462Z","resourceName":"git-working-directory","operation":"RegisterResource","msg":"Resource 'git-working-directory' registered successfully."}
{"level":20,"time":1787036431462,"env":"development","version":"2.6.5","pid":4561,"requestId":"CUG21-LNO42","timestamp":"2026-08-18T07:00:31.462Z","operation":"PromptRegistry.registerAll","msg":"Registering 1 prompts..."}
{"level":20,"time":1787036431462,"env":"development","version":"2.6.5","pid":4561,"requestId":"CUG21-LNO42","timestamp":"2026-08-18T07:00:31.462Z","operation":"PromptRegistry.registerAll","msg":"Registering prompt: git_wrapup"}
{"level":30,"time":1787036431463,"env":"development","version":"2.6.5","pid":4561,"requestId":"CUG21-LNO42","timestamp":"2026-08-18T07:00:31.462Z","operation":"PromptRegistry.registerAll","msg":"Registered prompt: git_wrapup"}
{"level":30,"time":1787036431463,"env":"development","version":"2.6.5","pid":4561,"requestId":"CUG21-LNO42","timestamp":"2026-08-18T07:00:31.462Z","operation":"PromptRegistry.registerAll","msg":"Successfully registered 1 prompts"}
{"level":20,"time":1787036431463,"env":"development","version":"2.6.5","pid":4561,"requestId":"OIKW3-BK1HP","timestamp":"2026-08-18T07:00:31.463Z","operation":"RootsRegistry.registerAll","msg":"Roots capability enabled (client-provided roots)"}
{"level":30,"time":1787036431463,"env":"development","version":"2.6.5","pid":4561,"requestId":"OIKW3-BK1HP","timestamp":"2026-08-18T07:00:31.463Z","operation":"RootsRegistry.registerAll","msg":"Roots capability registered successfully"}
{"level":30,"time":1787036431463,"env":"development","version":"2.6.5","pid":4561,"requestId":"MOI9Q-U308O","timestamp":"2026-08-18T07:00:31.456Z","operation":"createMcpServerInstance","msg":"All MCP capabilities registered successfully"}
{"level":30,"time":1787036431463,"env":"development","version":"2.6.5","pid":4561,"transport":"stdio","requestId":"Q3FJF-B5C22","timestamp":"2026-08-18T07:00:31.456Z","operation":"connectStdioTransport","transportType":"Stdio","msg":"Attempting to connect stdio transport..."}
{"level":20,"time":1787036431463,"env":"development","version":"2.6.5","pid":4561,"transport":"stdio","requestId":"Q3FJF-B5C22","timestamp":"2026-08-18T07:00:31.456Z","operation":"connectStdioTransport","transportType":"Stdio","msg":"Creating StdioServerTransport instance..."}
{"level":20,"time":1787036431463,"env":"development","version":"2.6.5","pid":4561,"transport":"stdio","requestId":"Q3FJF-B5C22","timestamp":"2026-08-18T07:00:31.456Z","operation":"connectStdioTransport","transportType":"Stdio","msg":"Connecting McpServer instance to StdioServerTransport..."}
{"level":30,"time":1787036431463,"env":"development","version":"2.6.5","pid":4561,"transport":"stdio","requestId":"Q3FJF-B5C22","timestamp":"2026-08-18T07:00:31.456Z","operation":"connectStdioTransport","transportType":"Stdio","msg":"MCP Server connected and listening via stdio transport."}
{"level":30,"time":1787036431463,"env":"development","version":"2.6.5","pid":4561,"applicationName":"@cyanheads/git-mcp-server","applicationVersion":"2.6.5","nodeEnvironment":"development","requestId":"BQ7WJ-H1IIT","timestamp":"2026-08-18T07:00:31.456Z","operation":"ServerStartup","msg":"@cyanheads/git-mcp-server is now running and ready."}
{"level":30,"time":1787036531846,"env":"development","version":"2.6.5","pid":5134,"requestId":"G04Q1-1ZUFD","timestamp":"2026-08-18T07:02:11.845Z","operation":"loggerInit","msg":"Logger initialized. MCP level: debug."}
{"level":30,"time":1787036531847,"env":"development","version":"2.6.5","pid":5134,"requestId":"2XBRT-UGM2R","timestamp":"2026-08-18T07:02:11.847Z","operation":"LoggerInit","msg":"Logger initialized. Effective MCP logging level: debug."}
{"level":30,"time":1787036531847,"env":"development","version":"2.6.5","pid":5134,"runtime":"node","runtimeVersion":"Node.js 26.3.0","requestId":"KV22C-7UZNH","timestamp":"2026-08-18T07:02:11.847Z","operation":"RuntimeDetection","msg":"Runtime detected: Node.js 26.3.0"}
{"level":30,"time":1787036531847,"env":"development","version":"2.6.5","pid":5134,"requestId":"5PJ0V-7P6B7","timestamp":"2026-08-18T07:02:11.847Z","operation":"StorageInit","msg":"Storage service initialized with provider: in-memory"}
{"level":30,"time":1787036531847,"env":"development","version":"2.6.5","pid":5134,"applicationName":"@cyanheads/git-mcp-server","applicationVersion":"2.6.5","nodeEnvironment":"development","requestId":"8HF52-2QWQZ","timestamp":"2026-08-18T07:02:11.847Z","operation":"ServerStartup","msg":"Starting @cyanheads/git-mcp-server (v2.6.5)..."}
{"level":30,"time":1787036531847,"env":"development","version":"2.6.5","pid":5134,"transport":"stdio","requestId":"9UM3O-LIQQ7","timestamp":"2026-08-18T07:02:11.847Z","operation":"TransportManager.start","msg":"Starting transport: stdio"}
{"level":30,"time":1787036531847,"env":"development","version":"2.6.5","pid":5134,"requestId":"JDBAL-I7VX4","timestamp":"2026-08-18T07:02:11.847Z","operation":"createMcpServerInstance","msg":"Initializing MCP server instance"}
{"level":20,"time":1787036531847,"env":"development","version":"2.6.5","pid":5134,"requestId":"5TYDH-QV54E","timestamp":"2026-08-18T07:02:11.847Z","newConfigState":{"appName":"@cyanheads/git-mcp-server","appVersion":"2.6.5","environment":"development"},"operation":"RequestContextService.configure","msg":"RequestContextService configuration updated"}
{"level":20,"time":1787036531851,"env":"development","version":"2.6.5","pid":5134,"requestId":"JDBAL-I7VX4","timestamp":"2026-08-18T07:02:11.847Z","operation":"createMcpServerInstance","msg":"Registering all MCP capabilities via registries..."}
{"level":30,"time":1787036531852,"env":"development","version":"2.6.5","pid":5134,"requestId":"0CCO5-0HDK9","timestamp":"2026-08-18T07:02:11.852Z","operation":"ToolRegistry.registerAll","msg":"Registering 27 tool(s)..."}
{"level":20,"time":1787036531852,"env":"development","version":"2.6.5","pid":5134,"toolName":"git_add","requestId":"V97Z7-WNW1F","timestamp":"2026-08-18T07:02:11.852Z","operation":"ToolRegistry.registerTool","msg":"Registering tool: 'git_add'"}
{"level":30,"time":1787036531853,"env":"development","version":"2.6.5","pid":5134,"toolName":"git_add","requestId":"V97Z7-WNW1F","timestamp":"2026-08-18T07:02:11.852Z","operation":"ToolRegistry.registerTool","msg":"Tool 'git_add' registered successfully."}
{"level":20,"time":1787036531853,"env":"development","version":"2.6.5","pid":5134,"toolName":"git_blame","requestId":"3M6U1-G31VL","timestamp":"2026-08-18T07:02:11.853Z","operation":"ToolRegistry.registerTool","msg":"Registering tool: 'git_blame'"}
{"level":30,"time":1787036531853,"env":"development","version":"2.6.5","pid":5134,"toolName":"git_blame","requestId":"3M6U1-G31VL","timestamp":"2026-08-18T07:02:11.853Z","operation":"ToolRegistry.registerTool","msg":"Tool 'git_blame' registered successfully."}
{"level":20,"time":1787036531853,"env":"development","version":"2.6.5","pid":5134,"toolName":"git_branch","requestId":"CHSCK-HL9OW","timestamp":"2026-08-18T07:02:11.853Z","operation":"ToolRegistry.registerTool","msg":"Registering tool: 'git_branch'"}
{"level":30,"time":1787036531853,"env":"development","version":"2.6.5","pid":5134,"toolName":"git_branch","requestId":"CHSCK-HL9OW","timestamp":"2026-08-18T07:02:11.853Z","operation":"ToolRegistry.registerTool","msg":"Tool 'git_branch' registered successfully."}
{"level":20,"time":1787036531853,"env":"development","version":"2.6.5","pid":5134,"toolName":"git_checkout","requestId":"JISD8-RX3B0","timestamp":"2026-08-18T07:02:11.853Z","operation":"ToolRegistry.registerTool","msg":"Registering tool: 'git_checkout'"}
{"level":30,"time":1787036531853,"env":"development","version":"2.6.5","pid":5134,"toolName":"git_checkout","requestId":"JISD8-RX3B0","timestamp":"2026-08-18T07:02:11.853Z","operation":"ToolRegistry.registerTool","msg":"Tool 'git_checkout' registered successfully."}
{"level":20,"time":1787036531853,"env":"development","version":"2.6.5","pid":5134,"toolName":"git_cherry_pick","requestId":"ONRWB-TO1SZ","timestamp":"2026-08-18T07:02:11.853Z","operation":"ToolRegistry.registerTool","msg":"Registering tool: 'git_cherry_pick'"}
{"level":30,"time":1787036531853,"env":"development","version":"2.6.5","pid":5134,"toolName":"git_cherry_pick","requestId":"ONRWB-TO1SZ","timestamp":"2026-08-18T07:02:11.853Z","operation":"ToolRegistry.registerTool","msg":"Tool 'git_cherry_pick' registered successfully."}
{"level":20,"time":1787036531853,"env":"development","version":"2.6.5","pid":5134,"toolName":"git_clean","requestId":"AQZD7-AVZXM","timestamp":"2026-08-18T07:02:11.853Z","operation":"ToolRegistry.registerTool","msg":"Registering tool: 'git_clean'"}
{"level":30,"time":1787036531853,"env":"development","version":"2.6.5","pid":5134,"toolName":"git_clean","requestId":"AQZD7-AVZXM","timestamp":"2026-08-18T07:02:11.853Z","operation":"ToolRegistry.registerTool","msg":"Tool 'git_clean' registered successfully."}
{"level":20,"time":1787036531853,"env":"development","version":"2.6.5","pid":5134,"toolName":"git_clear_working_dir","requestId":"AH9N0-66L0O","timestamp":"2026-08-18T07:02:11.853Z","operation":"ToolRegistry.registerTool","msg":"Registering tool: 'git_clear_working_dir'"}
{"level":30,"time":1787036531853,"env":"development","version":"2.6.5","pid":5134,"toolName":"git_clear_working_dir","requestId":"AH9N0-66L0O","timestamp":"2026-08-18T07:02:11.853Z","operation":"ToolRegistry.registerTool","msg":"Tool 'git_clear_working_dir' registered successfully."}
{"level":20,"time":1787036531853,"env":"development","version":"2.6.5","pid":5134,"toolName":"git_clone","requestId":"UV15L-WESIS","timestamp":"2026-08-18T07:02:11.853Z","operation":"ToolRegistry.registerTool","msg":"Registering tool: 'git_clone'"}
{"level":30,"time":1787036531853,"env":"development","version":"2.6.5","pid":5134,"toolName":"git_clone","requestId":"UV15L-WESIS","timestamp":"2026-08-18T07:02:11.853Z","operation":"ToolRegistry.registerTool","msg":"Tool 'git_clone' registered successfully."}
{"level":20,"time":1787036531853,"env":"development","version":"2.6.5","pid":5134,"toolName":"git_commit","requestId":"YB8XJ-L21OS","timestamp":"2026-08-18T07:02:11.853Z","operation":"ToolRegistry.registerTool","msg":"Registering tool: 'git_commit'"}
{"level":30,"time":1787036531853,"env":"development","version":"2.6.5","pid":5134,"toolName":"git_commit","requestId":"YB8XJ-L21OS","timestamp":"2026-08-18T07:02:11.853Z","operation":"ToolRegistry.registerTool","msg":"Tool 'git_commit' registered successfully."}
{"level":20,"time":1787036531854,"env":"development","version":"2.6.5","pid":5134,"toolName":"git_diff","requestId":"Z1WPO-7P2OO","timestamp":"2026-08-18T07:02:11.854Z","operation":"ToolRegistry.registerTool","msg":"Registering tool: 'git_diff'"}
{"level":30,"time":1787036531854,"env":"development","version":"2.6.5","pid":5134,"toolName":"git_diff","requestId":"Z1WPO-7P2OO","timestamp":"2026-08-18T07:02:11.854Z","operation":"ToolRegistry.registerTool","msg":"Tool 'git_diff' registered successfully."}
{"level":20,"time":1787036531854,"env":"development","version":"2.6.5","pid":5134,"toolName":"git_fetch","requestId":"N1UQK-BJW92","timestamp":"2026-08-18T07:02:11.854Z","operation":"ToolRegistry.registerTool","msg":"Registering tool: 'git_fetch'"}
{"level":30,"time":1787036531854,"env":"development","version":"2.6.5","pid":5134,"toolName":"git_fetch","requestId":"N1UQK-BJW92","timestamp":"2026-08-18T07:02:11.854Z","operation":"ToolRegistry.registerTool","msg":"Tool 'git_fetch' registered successfully."}
{"level":20,"time":1787036531854,"env":"development","version":"2.6.5","pid":5134,"toolName":"git_init","requestId":"QX627-9Q660","timestamp":"2026-08-18T07:02:11.854Z","operation":"ToolRegistry.registerTool","msg":"Registering tool: 'git_init'"}
{"level":30,"time":1787036531854,"env":"development","version":"2.6.5","pid":5134,"toolName":"git_init","requestId":"QX627-9Q660","timestamp":"2026-08-18T07:02:11.854Z","operation":"ToolRegistry.registerTool","msg":"Tool 'git_init' registered successfully."}
{"level":20,"time":1787036531854,"env":"development","version":"2.6.5","pid":5134,"toolName":"git_log","requestId":"3OJVU-5G9LD","timestamp":"2026-08-18T07:02:11.854Z","operation":"ToolRegistry.registerTool","msg":"Registering tool: 'git_log'"}
{"level":30,"time":1787036531856,"env":"development","version":"2.6.5","pid":5134,"toolName":"git_log","requestId":"3OJVU-5G9LD","timestamp":"2026-08-18T07:02:11.854Z","operation":"ToolRegistry.registerTool","msg":"Tool 'git_log' registered successfully."}
{"level":20,"time":1787036531857,"env":"development","version":"2.6.5","pid":5134,"toolName":"git_merge","requestId":"TJQFM-AMJJK","timestamp":"2026-08-18T07:02:11.857Z","operation":"ToolRegistry.registerTool","msg":"Registering tool: 'git_merge'"}
{"level":30,"time":1787036531857,"env":"development","version":"2.6.5","pid":5134,"toolName":"git_merge","requestId":"TJQFM-AMJJK","timestamp":"2026-08-18T07:02:11.857Z","operation":"ToolRegistry.registerTool","msg":"Tool 'git_merge' registered successfully."}
{"level":20,"time":1787036531857,"env":"development","version":"2.6.5","pid":5134,"toolName":"git_pull","requestId":"RLSAL-EIC4Y","timestamp":"2026-08-18T07:02:11.857Z","operation":"ToolRegistry.registerTool","msg":"Registering tool: 'git_pull'"}
{"level":30,"time":1787036531857,"env":"development","version":"2.6.5","pid":5134,"toolName":"git_pull","requestId":"RLSAL-EIC4Y","timestamp":"2026-08-18T07:02:11.857Z","operation":"ToolRegistry.registerTool","msg":"Tool 'git_pull' registered successfully."}
{"level":20,"time":1787036531857,"env":"development","version":"2.6.5","pid":5134,"toolName":"git_push","requestId":"MKZCI-2L375","timestamp":"2026-08-18T07:02:11.857Z","operation":"ToolRegistry.registerTool","msg":"Registering tool: 'git_push'"}
{"level":30,"time":1787036531857,"env":"development","version":"2.6.5","pid":5134,"toolName":"git_push","requestId":"MKZCI-2L375","timestamp":"2026-08-18T07:02:11.857Z","operation":"ToolRegistry.registerTool","msg":"Tool 'git_push' registered successfully."}
{"level":20,"time":1787036531857,"env":"development","version":"2.6.5","pid":5134,"toolName":"git_rebase","requestId":"GTWBI-W8HVQ","timestamp":"2026-08-18T07:02:11.857Z","operation":"ToolRegistry.registerTool","msg":"Registering tool: 'git_rebase'"}
{"level":30,"time":1787036531857,"env":"development","version":"2.6.5","pid":5134,"toolName":"git_rebase","requestId":"GTWBI-W8HVQ","timestamp":"2026-08-18T07:02:11.857Z","operation":"ToolRegistry.registerTool","msg":"Tool 'git_rebase' registered successfully."}
{"level":20,"time":1787036531857,"env":"development","version":"2.6.5","pid":5134,"toolName":"git_reflog","requestId":"HTWW8-KJMLE","timestamp":"2026-08-18T07:02:11.857Z","operation":"ToolRegistry.registerTool","msg":"Registering tool: 'git_reflog'"}
{"level":30,"time":1787036531857,"env":"development","version":"2.6.5","pid":5134,"toolName":"git_reflog","requestId":"HTWW8-KJMLE","timestamp":"2026-08-18T07:02:11.857Z","operation":"ToolRegistry.registerTool","msg":"Tool 'git_reflog' registered successfully."}
{"level":20,"time":1787036531857,"env":"development","version":"2.6.5","pid":5134,"toolName":"git_remote","requestId":"NX3P3-E5OFZ","timestamp":"2026-08-18T07:02:11.857Z","operation":"ToolRegistry.registerTool","msg":"Registering tool: 'git_remote'"}
{"level":30,"time":1787036531857,"env":"development","version":"2.6.5","pid":5134,"toolName":"git_remote","requestId":"NX3P3-E5OFZ","timestamp":"2026-08-18T07:02:11.857Z","operation":"ToolRegistry.registerTool","msg":"Tool 'git_remote' registered successfully."}
{"level":20,"time":1787036531857,"env":"development","version":"2.6.5","pid":5134,"toolName":"git_reset","requestId":"WWH7K-VJY12","timestamp":"2026-08-18T07:02:11.857Z","operation":"ToolRegistry.registerTool","msg":"Registering tool: 'git_reset'"}
{"level":30,"time":1787036531857,"env":"development","version":"2.6.5","pid":5134,"toolName":"git_reset","requestId":"WWH7K-VJY12","timestamp":"2026-08-18T07:02:11.857Z","operation":"ToolRegistry.registerTool","msg":"Tool 'git_reset' registered successfully."}
{"level":20,"time":1787036531857,"env":"development","version":"2.6.5","pid":5134,"toolName":"git_set_working_dir","requestId":"3VG1F-QEXTR","timestamp":"2026-08-18T07:02:11.857Z","operation":"ToolRegistry.registerTool","msg":"Registering tool: 'git_set_working_dir'"}
{"level":30,"time":1787036531857,"env":"development","version":"2.6.5","pid":5134,"toolName":"git_set_working_dir","requestId":"3VG1F-QEXTR","timestamp":"2026-08-18T07:02:11.857Z","operation":"ToolRegistry.registerTool","msg":"Tool 'git_set_working_dir' registered successfully."}
{"level":20,"time":1787036531857,"env":"development","version":"2.6.5","pid":5134,"toolName":"git_show","requestId":"Q3ZN7-DSDAQ","timestamp":"2026-08-18T07:02:11.857Z","operation":"ToolRegistry.registerTool","msg":"Registering tool: 'git_show'"}
{"level":30,"time":1787036531857,"env":"development","version":"2.6.5","pid":5134,"toolName":"git_show","requestId":"Q3ZN7-DSDAQ","timestamp":"2026-08-18T07:02:11.857Z","operation":"ToolRegistry.registerTool","msg":"Tool 'git_show' registered successfully."}
{"level":20,"time":1787036531857,"env":"development","version":"2.6.5","pid":5134,"toolName":"git_stash","requestId":"CFTCE-NWVYP","timestamp":"2026-08-18T07:02:11.857Z","operation":"ToolRegistry.registerTool","msg":"Registering tool: 'git_stash'"}
{"level":30,"time":1787036531857,"env":"development","version":"2.6.5","pid":5134,"toolName":"git_stash","requestId":"CFTCE-NWVYP","timestamp":"2026-08-18T07:02:11.857Z","operation":"ToolRegistry.registerTool","msg":"Tool 'git_stash' registered successfully."}
{"level":20,"time":1787036531857,"env":"development","version":"2.6.5","pid":5134,"toolName":"git_status","requestId":"R6HDK-T7B9Q","timestamp":"2026-08-18T07:02:11.857Z","operation":"ToolRegistry.registerTool","msg":"Registering tool: 'git_status'"}
{"level":30,"time":1787036531857,"env":"development","version":"2.6.5","pid":5134,"toolName":"git_status","requestId":"R6HDK-T7B9Q","timestamp":"2026-08-18T07:02:11.857Z","operation":"ToolRegistry.registerTool","msg":"Tool 'git_status' registered successfully."}
{"level":20,"time":1787036531857,"env":"development","version":"2.6.5","pid":5134,"toolName":"git_tag","requestId":"5U4JL-E1KK8","timestamp":"2026-08-18T07:02:11.857Z","operation":"ToolRegistry.registerTool","msg":"Registering tool: 'git_tag'"}
{"level":30,"time":1787036531857,"env":"development","version":"2.6.5","pid":5134,"toolName":"git_tag","requestId":"5U4JL-E1KK8","timestamp":"2026-08-18T07:02:11.857Z","operation":"ToolRegistry.registerTool","msg":"Tool 'git_tag' registered successfully."}
{"level":20,"time":1787036531857,"env":"development","version":"2.6.5","pid":5134,"toolName":"git_worktree","requestId":"090CM-07P1D","timestamp":"2026-08-18T07:02:11.857Z","operation":"ToolRegistry.registerTool","msg":"Registering tool: 'git_worktree'"}
{"level":30,"time":1787036531857,"env":"development","version":"2.6.5","pid":5134,"toolName":"git_worktree","requestId":"090CM-07P1D","timestamp":"2026-08-18T07:02:11.857Z","operation":"ToolRegistry.registerTool","msg":"Tool 'git_worktree' registered successfully."}
{"level":20,"time":1787036531857,"env":"development","version":"2.6.5","pid":5134,"toolName":"git_wrapup_instructions","requestId":"RHC9M-NRCM8","timestamp":"2026-08-18T07:02:11.857Z","operation":"ToolRegistry.registerTool","msg":"Registering tool: 'git_wrapup_instructions'"}
{"level":30,"time":1787036531857,"env":"development","version":"2.6.5","pid":5134,"toolName":"git_wrapup_instructions","requestId":"RHC9M-NRCM8","timestamp":"2026-08-18T07:02:11.857Z","operation":"ToolRegistry.registerTool","msg":"Tool 'git_wrapup_instructions' registered successfully."}
{"level":30,"time":1787036531857,"env":"development","version":"2.6.5","pid":5134,"requestId":"MXJ70-SRK2O","timestamp":"2026-08-18T07:02:11.857Z","operation":"ResourceRegistry.registerAll","msg":"Registering 1 resource(s)..."}
{"level":30,"time":1787036531857,"env":"development","version":"2.6.5","pid":5134,"requestId":"D78GQ-RK51B","timestamp":"2026-08-18T07:02:11.857Z","resourceName":"git-working-directory","operation":"RegisterResource","msg":"Registering resource: 'git-working-directory'"}
{"level":30,"time":1787036531858,"env":"development","version":"2.6.5","pid":5134,"requestId":"D78GQ-RK51B","timestamp":"2026-08-18T07:02:11.857Z","resourceName":"git-working-directory","operation":"RegisterResource","msg":"Resource 'git-working-directory' registered successfully."}
{"level":20,"time":1787036531858,"env":"development","version":"2.6.5","pid":5134,"requestId":"2B1C1-I8JQ0","timestamp":"2026-08-18T07:02:11.858Z","operation":"PromptRegistry.registerAll","msg":"Registering 1 prompts..."}
{"level":20,"time":1787036531858,"env":"development","version":"2.6.5","pid":5134,"requestId":"2B1C1-I8JQ0","timestamp":"2026-08-18T07:02:11.858Z","operation":"PromptRegistry.registerAll","msg":"Registering prompt: git_wrapup"}
{"level":30,"time":1787036531858,"env":"development","version":"2.6.5","pid":5134,"requestId":"2B1C1-I8JQ0","timestamp":"2026-08-18T07:02:11.858Z","operation":"PromptRegistry.registerAll","msg":"Registered prompt: git_wrapup"}
{"level":30,"time":1787036531858,"env":"development","version":"2.6.5","pid":5134,"requestId":"2B1C1-I8JQ0","timestamp":"2026-08-18T07:02:11.858Z","operation":"PromptRegistry.registerAll","msg":"Successfully registered 1 prompts"}
{"level":20,"time":1787036531858,"env":"development","version":"2.6.5","pid":5134,"requestId":"SSRG3-LQGHP","timestamp":"2026-08-18T07:02:11.858Z","operation":"RootsRegistry.registerAll","msg":"Roots capability enabled (client-provided roots)"}
{"level":30,"time":1787036531858,"env":"development","version":"2.6.5","pid":5134,"requestId":"SSRG3-LQGHP","timestamp":"2026-08-18T07:02:11.858Z","operation":"RootsRegistry.registerAll","msg":"Roots capability registered successfully"}
{"level":30,"time":1787036531858,"env":"development","version":"2.6.5","pid":5134,"requestId":"JDBAL-I7VX4","timestamp":"2026-08-18T07:02:11.847Z","operation":"createMcpServerInstance","msg":"All MCP capabilities registered successfully"}
{"level":30,"time":1787036531858,"env":"development","version":"2.6.5","pid":5134,"transport":"stdio","requestId":"9UM3O-LIQQ7","timestamp":"2026-08-18T07:02:11.847Z","operation":"connectStdioTransport","transportType":"Stdio","msg":"Attempting to connect stdio transport..."}
{"level":20,"time":1787036531858,"env":"development","version":"2.6.5","pid":5134,"transport":"stdio","requestId":"9UM3O-LIQQ7","timestamp":"2026-08-18T07:02:11.847Z","operation":"connectStdioTransport","transportType":"Stdio","msg":"Creating StdioServerTransport instance..."}
{"level":20,"time":1787036531858,"env":"development","version":"2.6.5","pid":5134,"transport":"stdio","requestId":"9UM3O-LIQQ7","timestamp":"2026-08-18T07:02:11.847Z","operation":"connectStdioTransport","transportType":"Stdio","msg":"Connecting McpServer instance to StdioServerTransport..."}
{"level":30,"time":1787036531858,"env":"development","version":"2.6.5","pid":5134,"transport":"stdio","requestId":"9UM3O-LIQQ7","timestamp":"2026-08-18T07:02:11.847Z","operation":"connectStdioTransport","transportType":"Stdio","msg":"MCP Server connected and listening via stdio transport."}
{"level":30,"time":1787036531858,"env":"development","version":"2.6.5","pid":5134,"applicationName":"@cyanheads/git-mcp-server","applicationVersion":"2.6.5","nodeEnvironment":"development","requestId":"8HF52-2QWQZ","timestamp":"2026-08-18T07:02:11.847Z","operation":"ServerStartup","msg":"@cyanheads/git-mcp-server is now running and ready."}
{"level":30,"time":1787038237381,"env":"development","version":"2.6.5","pid":4483,"triggerEvent":"SIGTERM","requestId":"RT2ZV-FQNMU","timestamp":"2026-08-18T07:30:37.381Z","operation":"ServerShutdown","msg":"Received SIGTERM. Initiating graceful shutdown..."}
{"level":30,"time":1787038237408,"env":"development","version":"2.6.5","pid":4483,"signal":"SIGTERM","requestId":"M0I1A-OYVLK","timestamp":"2026-08-18T07:30:37.383Z","operation":"stopStdioTransport","transportType":"Stdio","msg":"Attempting to stop stdio transport..."}
{"level":30,"time":1787038237408,"env":"development","version":"2.6.5","pid":4483,"signal":"SIGTERM","requestId":"M0I1A-OYVLK","timestamp":"2026-08-18T07:30:37.383Z","operation":"stopStdioTransport","transportType":"Stdio","msg":"Stdio transport stopped successfully."}
{"level":30,"time":1787038237408,"env":"development","version":"2.6.5","pid":4483,"triggerEvent":"SIGTERM","requestId":"RT2ZV-FQNMU","timestamp":"2026-08-18T07:30:37.381Z","operation":"ServerShutdown","msg":"Graceful shutdown completed successfully. Exiting."}
{"level":30,"time":1787038237408,"env":"development","version":"2.6.5","pid":4483,"requestId":"A7I56-LPSCV","timestamp":"2026-08-18T07:30:37.408Z","operation":"loggerClose","msg":"Logger shutting down."}
{"level":30,"time":1787038391628,"env":"development","version":"2.6.5","pid":5134,"triggerEvent":"SIGTERM","requestId":"EKGNK-RYMBT","timestamp":"2026-08-18T07:33:11.628Z","operation":"ServerShutdown","msg":"Received SIGTERM. Initiating graceful shutdown..."}
{"level":30,"time":1787038391628,"env":"development","version":"2.6.5","pid":5134,"signal":"SIGTERM","requestId":"V1YF0-KNYTC","timestamp":"2026-08-18T07:33:11.628Z","operation":"stopStdioTransport","transportType":"Stdio","msg":"Attempting to stop stdio transport..."}
{"level":30,"time":1787038391629,"env":"development","version":"2.6.5","pid":5134,"signal":"SIGTERM","requestId":"V1YF0-KNYTC","timestamp":"2026-08-18T07:33:11.628Z","operation":"stopStdioTransport","transportType":"Stdio","msg":"Stdio transport stopped successfully."}
{"level":30,"time":1787038391629,"env":"development","version":"2.6.5","pid":5134,"triggerEvent":"SIGTERM","requestId":"EKGNK-RYMBT","timestamp":"2026-08-18T07:33:11.628Z","operation":"ServerShutdown","msg":"Graceful shutdown completed successfully. Exiting."}
{"level":30,"time":1787038391629,"env":"development","version":"2.6.5","pid":5134,"requestId":"9KE9U-IF2UH","timestamp":"2026-08-18T07:33:11.629Z","operation":"loggerClose","msg":"Logger shutting down."}
{"level":30,"time":1787041870645,"env":"development","version":"2.6.5","pid":4561,"triggerEvent":"SIGTERM","requestId":"ISSQ0-VOCC3","timestamp":"2026-08-18T08:31:10.642Z","operation":"ServerShutdown","msg":"Received SIGTERM. Initiating graceful shutdown..."}
{"level":30,"time":1787041870645,"env":"development","version":"2.6.5","pid":4561,"signal":"SIGTERM","requestId":"9ZID7-A863B","timestamp":"2026-08-18T08:31:10.645Z","operation":"stopStdioTransport","transportType":"Stdio","msg":"Attempting to stop stdio transport..."}
{"level":30,"time":1787041870646,"env":"development","version":"2.6.5","pid":4561,"signal":"SIGTERM","requestId":"9ZID7-A863B","timestamp":"2026-08-18T08:31:10.645Z","operation":"stopStdioTransport","transportType":"Stdio","msg":"Stdio transport stopped successfully."}
{"level":30,"time":1787041870646,"env":"development","version":"2.6.5","pid":4561,"triggerEvent":"SIGTERM","requestId":"ISSQ0-VOCC3","timestamp":"2026-08-18T08:31:10.642Z","operation":"ServerShutdown","msg":"Graceful shutdown completed successfully. Exiting."}
{"level":30,"time":1787041870647,"env":"development","version":"2.6.5","pid":4561,"requestId":"5K5LQ-W9175","timestamp":"2026-08-18T08:31:10.646Z","operation":"loggerClose","msg":"Logger shutting down."}
{"level":30,"time":1787126418577,"env":"development","version":"2.6.5","pid":35995,"requestId":"P2U71-EEJ9I","timestamp":"2026-08-19T08:00:18.574Z","operation":"loggerInit","msg":"Logger initialized. MCP level: debug."}
{"level":30,"time":1787126418578,"env":"development","version":"2.6.5","pid":35995,"requestId":"WX1JK-E1ZGJ","timestamp":"2026-08-19T08:00:18.578Z","operation":"LoggerInit","msg":"Logger initialized. Effective MCP logging level: debug."}
{"level":30,"time":1787126418578,"env":"development","version":"2.6.5","pid":35995,"runtime":"node","runtimeVersion":"Node.js 26.3.0","requestId":"9N3EU-6ZGTO","timestamp":"2026-08-19T08:00:18.578Z","operation":"RuntimeDetection","msg":"Runtime detected: Node.js 26.3.0"}
{"level":30,"time":1787126418578,"env":"development","version":"2.6.5","pid":35995,"requestId":"5BX1S-XDAQV","timestamp":"2026-08-19T08:00:18.578Z","operation":"StorageInit","msg":"Storage service initialized with provider: in-memory"}
{"level":30,"time":1787126418578,"env":"development","version":"2.6.5","pid":35995,"applicationName":"@cyanheads/git-mcp-server","applicationVersion":"2.6.5","nodeEnvironment":"development","requestId":"7F0NH-DKMDQ","timestamp":"2026-08-19T08:00:18.578Z","operation":"ServerStartup","msg":"Starting @cyanheads/git-mcp-server (v2.6.5)..."}
{"level":30,"time":1787126418578,"env":"development","version":"2.6.5","pid":35995,"transport":"stdio","requestId":"LELOJ-MHEN9","timestamp":"2026-08-19T08:00:18.578Z","operation":"TransportManager.start","msg":"Starting transport: stdio"}
{"level":30,"time":1787126418578,"env":"development","version":"2.6.5","pid":35995,"requestId":"QS55N-75GDC","timestamp":"2026-08-19T08:00:18.578Z","operation":"createMcpServerInstance","msg":"Initializing MCP server instance"}
{"level":20,"time":1787126418579,"env":"development","version":"2.6.5","pid":35995,"requestId":"G1OZM-ZUSZ9","timestamp":"2026-08-19T08:00:18.579Z","newConfigState":{"appName":"@cyanheads/git-mcp-server","appVersion":"2.6.5","environment":"development"},"operation":"RequestContextService.configure","msg":"RequestContextService configuration updated"}
{"level":20,"time":1787126418581,"env":"development","version":"2.6.5","pid":35995,"requestId":"QS55N-75GDC","timestamp":"2026-08-19T08:00:18.578Z","operation":"createMcpServerInstance","msg":"Registering all MCP capabilities via registries..."}
{"level":30,"time":1787126418582,"env":"development","version":"2.6.5","pid":35995,"requestId":"KC29H-U6QSQ","timestamp":"2026-08-19T08:00:18.582Z","operation":"ToolRegistry.registerAll","msg":"Registering 27 tool(s)..."}
{"level":20,"time":1787126418582,"env":"development","version":"2.6.5","pid":35995,"toolName":"git_add","requestId":"PM3Y0-SXR9M","timestamp":"2026-08-19T08:00:18.582Z","operation":"ToolRegistry.registerTool","msg":"Registering tool: 'git_add'"}
{"level":30,"time":1787126418582,"env":"development","version":"2.6.5","pid":35995,"toolName":"git_add","requestId":"PM3Y0-SXR9M","timestamp":"2026-08-19T08:00:18.582Z","operation":"ToolRegistry.registerTool","msg":"Tool 'git_add' registered successfully."}
{"level":20,"time":1787126418582,"env":"development","version":"2.6.5","pid":35995,"toolName":"git_blame","requestId":"A36RF-3FIHW","timestamp":"2026-08-19T08:00:18.582Z","operation":"ToolRegistry.registerTool","msg":"Registering tool: 'git_blame'"}
{"level":30,"time":1787126418582,"env":"development","version":"2.6.5","pid":35995,"toolName":"git_blame","requestId":"A36RF-3FIHW","timestamp":"2026-08-19T08:00:18.582Z","operation":"ToolRegistry.registerTool","msg":"Tool 'git_blame' registered successfully."}
{"level":20,"time":1787126418582,"env":"development","version":"2.6.5","pid":35995,"toolName":"git_branch","requestId":"ZTR2X-RYPRT","timestamp":"2026-08-19T08:00:18.582Z","operation":"ToolRegistry.registerTool","msg":"Registering tool: 'git_branch'"}
{"level":30,"time":1787126418582,"env":"development","version":"2.6.5","pid":35995,"toolName":"git_branch","requestId":"ZTR2X-RYPRT","timestamp":"2026-08-19T08:00:18.582Z","operation":"ToolRegistry.registerTool","msg":"Tool 'git_branch' registered successfully."}
{"level":20,"time":1787126418582,"env":"development","version":"2.6.5","pid":35995,"toolName":"git_checkout","requestId":"GHRBH-KACTT","timestamp":"2026-08-19T08:00:18.582Z","operation":"ToolRegistry.registerTool","msg":"Registering tool: 'git_checkout'"}
{"level":30,"time":1787126418582,"env":"development","version":"2.6.5","pid":35995,"toolName":"git_checkout","requestId":"GHRBH-KACTT","timestamp":"2026-08-19T08:00:18.582Z","operation":"ToolRegistry.registerTool","msg":"Tool 'git_checkout' registered successfully."}
{"level":20,"time":1787126418582,"env":"development","version":"2.6.5","pid":35995,"toolName":"git_cherry_pick","requestId":"OVZY7-RZP1G","timestamp":"2026-08-19T08:00:18.582Z","operation":"ToolRegistry.registerTool","msg":"Registering tool: 'git_cherry_pick'"}
{"level":30,"time":1787126418582,"env":"development","version":"2.6.5","pid":35995,"toolName":"git_cherry_pick","requestId":"OVZY7-RZP1G","timestamp":"2026-08-19T08:00:18.582Z","operation":"ToolRegistry.registerTool","msg":"Tool 'git_cherry_pick' registered successfully."}
{"level":20,"time":1787126418583,"env":"development","version":"2.6.5","pid":35995,"toolName":"git_clean","requestId":"FGT10-0J4ER","timestamp":"2026-08-19T08:00:18.583Z","operation":"ToolRegistry.registerTool","msg":"Registering tool: 'git_clean'"}
{"level":30,"time":1787126418583,"env":"development","version":"2.6.5","pid":35995,"toolName":"git_clean","requestId":"FGT10-0J4ER","timestamp":"2026-08-19T08:00:18.583Z","operation":"ToolRegistry.registerTool","msg":"Tool 'git_clean' registered successfully."}
{"level":20,"time":1787126418583,"env":"development","version":"2.6.5","pid":35995,"toolName":"git_clear_working_dir","requestId":"9IOL2-ZIDW4","timestamp":"2026-08-19T08:00:18.583Z","operation":"ToolRegistry.registerTool","msg":"Registering tool: 'git_clear_working_dir'"}
{"level":30,"time":1787126418583,"env":"development","version":"2.6.5","pid":35995,"toolName":"git_clear_working_dir","requestId":"9IOL2-ZIDW4","timestamp":"2026-08-19T08:00:18.583Z","operation":"ToolRegistry.registerTool","msg":"Tool 'git_clear_working_dir' registered successfully."}
{"level":20,"time":1787126418583,"env":"development","version":"2.6.5","pid":35995,"toolName":"git_clone","requestId":"IZZF3-XERBJ","timestamp":"2026-08-19T08:00:18.583Z","operation":"ToolRegistry.registerTool","msg":"Registering tool: 'git_clone'"}
{"level":30,"time":1787126418583,"env":"development","version":"2.6.5","pid":35995,"toolName":"git_clone","requestId":"IZZF3-XERBJ","timestamp":"2026-08-19T08:00:18.583Z","operation":"ToolRegistry.registerTool","msg":"Tool 'git_clone' registered successfully."}
{"level":20,"time":1787126418583,"env":"development","version":"2.6.5","pid":35995,"toolName":"git_commit","requestId":"3016L-YTBBU","timestamp":"2026-08-19T08:00:18.583Z","operation":"ToolRegistry.registerTool","msg":"Registering tool: 'git_commit'"}
{"level":30,"time":1787126418583,"env":"development","version":"2.6.5","pid":35995,"toolName":"git_commit","requestId":"3016L-YTBBU","timestamp":"2026-08-19T08:00:18.583Z","operation":"ToolRegistry.registerTool","msg":"Tool 'git_commit' registered successfully."}
{"level":20,"time":1787126418583,"env":"development","version":"2.6.5","pid":35995,"toolName":"git_diff","requestId":"CSDFG-N01A0","timestamp":"2026-08-19T08:00:18.583Z","operation":"ToolRegistry.registerTool","msg":"Registering tool: 'git_diff'"}
{"level":30,"time":1787126418583,"env":"development","version":"2.6.5","pid":35995,"toolName":"git_diff","requestId":"CSDFG-N01A0","timestamp":"2026-08-19T08:00:18.583Z","operation":"ToolRegistry.registerTool","msg":"Tool 'git_diff' registered successfully."}
{"level":20,"time":1787126418583,"env":"development","version":"2.6.5","pid":35995,"toolName":"git_fetch","requestId":"6FJ8B-NQ8Q9","timestamp":"2026-08-19T08:00:18.583Z","operation":"ToolRegistry.registerTool","msg":"Registering tool: 'git_fetch'"}
{"level":30,"time":1787126418583,"env":"development","version":"2.6.5","pid":35995,"toolName":"git_fetch","requestId":"6FJ8B-NQ8Q9","timestamp":"2026-08-19T08:00:18.583Z","operation":"ToolRegistry.registerTool","msg":"Tool 'git_fetch' registered successfully."}
{"level":20,"time":1787126418583,"env":"development","version":"2.6.5","pid":35995,"toolName":"git_init","requestId":"3OOJE-2NVKR","timestamp":"2026-08-19T08:00:18.583Z","operation":"ToolRegistry.registerTool","msg":"Registering tool: 'git_init'"}
{"level":30,"time":1787126418583,"env":"development","version":"2.6.5","pid":35995,"toolName":"git_init","requestId":"3OOJE-2NVKR","timestamp":"2026-08-19T08:00:18.583Z","operation":"ToolRegistry.registerTool","msg":"Tool 'git_init' registered successfully."}
{"level":20,"time":1787126418583,"env":"development","version":"2.6.5","pid":35995,"toolName":"git_log","requestId":"V04LM-66SUV","timestamp":"2026-08-19T08:00:18.583Z","operation":"ToolRegistry.registerTool","msg":"Registering tool: 'git_log'"}
{"level":30,"time":1787126418583,"env":"development","version":"2.6.5","pid":35995,"toolName":"git_log","requestId":"V04LM-66SUV","timestamp":"2026-08-19T08:00:18.583Z","operation":"ToolRegistry.registerTool","msg":"Tool 'git_log' registered successfully."}
{"level":20,"time":1787126418583,"env":"development","version":"2.6.5","pid":35995,"toolName":"git_merge","requestId":"D9L4W-8WIG8","timestamp":"2026-08-19T08:00:18.583Z","operation":"ToolRegistry.registerTool","msg":"Registering tool: 'git_merge'"}
{"level":30,"time":1787126418583,"env":"development","version":"2.6.5","pid":35995,"toolName":"git_merge","requestId":"D9L4W-8WIG8","timestamp":"2026-08-19T08:00:18.583Z","operation":"ToolRegistry.registerTool","msg":"Tool 'git_merge' registered successfully."}
{"level":20,"time":1787126418583,"env":"development","version":"2.6.5","pid":35995,"toolName":"git_pull","requestId":"RAEEZ-A8TT9","timestamp":"2026-08-19T08:00:18.583Z","operation":"ToolRegistry.registerTool","msg":"Registering tool: 'git_pull'"}
{"level":30,"time":1787126418583,"env":"development","version":"2.6.5","pid":35995,"toolName":"git_pull","requestId":"RAEEZ-A8TT9","timestamp":"2026-08-19T08:00:18.583Z","operation":"ToolRegistry.registerTool","msg":"Tool 'git_pull' registered successfully."}
{"level":20,"time":1787126418583,"env":"development","version":"2.6.5","pid":35995,"toolName":"git_push","requestId":"BS0BF-WSR8G","timestamp":"2026-08-19T08:00:18.583Z","operation":"ToolRegistry.registerTool","msg":"Registering tool: 'git_push'"}
{"level":30,"time":1787126418583,"env":"development","version":"2.6.5","pid":35995,"toolName":"git_push","requestId":"BS0BF-WSR8G","timestamp":"2026-08-19T08:00:18.583Z","operation":"ToolRegistry.registerTool","msg":"Tool 'git_push' registered successfully."}
{"level":20,"time":1787126418583,"env":"development","version":"2.6.5","pid":35995,"toolName":"git_rebase","requestId":"VX023-F5B1Y","timestamp":"2026-08-19T08:00:18.583Z","operation":"ToolRegistry.registerTool","msg":"Registering tool: 'git_rebase'"}
{"level":30,"time":1787126418583,"env":"development","version":"2.6.5","pid":35995,"toolName":"git_rebase","requestId":"VX023-F5B1Y","timestamp":"2026-08-19T08:00:18.583Z","operation":"ToolRegistry.registerTool","msg":"Tool 'git_rebase' registered successfully."}
{"level":20,"time":1787126418583,"env":"development","version":"2.6.5","pid":35995,"toolName":"git_reflog","requestId":"IPYWD-58BSE","timestamp":"2026-08-19T08:00:18.583Z","operation":"ToolRegistry.registerTool","msg":"Registering tool: 'git_reflog'"}
{"level":30,"time":1787126418583,"env":"development","version":"2.6.5","pid":35995,"toolName":"git_reflog","requestId":"IPYWD-58BSE","timestamp":"2026-08-19T08:00:18.583Z","operation":"ToolRegistry.registerTool","msg":"Tool 'git_reflog' registered successfully."}
{"level":20,"time":1787126418583,"env":"development","version":"2.6.5","pid":35995,"toolName":"git_remote","requestId":"K4NP0-7O1J0","timestamp":"2026-08-19T08:00:18.583Z","operation":"ToolRegistry.registerTool","msg":"Registering tool: 'git_remote'"}
{"level":30,"time":1787126418583,"env":"development","version":"2.6.5","pid":35995,"toolName":"git_remote","requestId":"K4NP0-7O1J0","timestamp":"2026-08-19T08:00:18.583Z","operation":"ToolRegistry.registerTool","msg":"Tool 'git_remote' registered successfully."}
{"level":20,"time":1787126418583,"env":"development","version":"2.6.5","pid":35995,"toolName":"git_reset","requestId":"8O54W-YYG9X","timestamp":"2026-08-19T08:00:18.583Z","operation":"ToolRegistry.registerTool","msg":"Registering tool: 'git_reset'"}
{"level":30,"time":1787126418583,"env":"development","version":"2.6.5","pid":35995,"toolName":"git_reset","requestId":"8O54W-YYG9X","timestamp":"2026-08-19T08:00:18.583Z","operation":"ToolRegistry.registerTool","msg":"Tool 'git_reset' registered successfully."}
{"level":20,"time":1787126418583,"env":"development","version":"2.6.5","pid":35995,"toolName":"git_set_working_dir","requestId":"W8NWQ-6P4D5","timestamp":"2026-08-19T08:00:18.583Z","operation":"ToolRegistry.registerTool","msg":"Registering tool: 'git_set_working_dir'"}
{"level":30,"time":1787126418583,"env":"development","version":"2.6.5","pid":35995,"toolName":"git_set_working_dir","requestId":"W8NWQ-6P4D5","timestamp":"2026-08-19T08:00:18.583Z","operation":"ToolRegistry.registerTool","msg":"Tool 'git_set_working_dir' registered successfully."}
{"level":20,"time":1787126418583,"env":"development","version":"2.6.5","pid":35995,"toolName":"git_show","requestId":"0IL1R-PPQTS","timestamp":"2026-08-19T08:00:18.583Z","operation":"ToolRegistry.registerTool","msg":"Registering tool: 'git_show'"}
{"level":30,"time":1787126418583,"env":"development","version":"2.6.5","pid":35995,"toolName":"git_show","requestId":"0IL1R-PPQTS","timestamp":"2026-08-19T08:00:18.583Z","operation":"ToolRegistry.registerTool","msg":"Tool 'git_show' registered successfully."}
{"level":20,"time":1787126418583,"env":"development","version":"2.6.5","pid":35995,"toolName":"git_stash","requestId":"B6J2S-28JVV","timestamp":"2026-08-19T08:00:18.583Z","operation":"ToolRegistry.registerTool","msg":"Registering tool: 'git_stash'"}
{"level":30,"time":1787126418583,"env":"development","version":"2.6.5","pid":35995,"toolName":"git_stash","requestId":"B6J2S-28JVV","timestamp":"2026-08-19T08:00:18.583Z","operation":"ToolRegistry.registerTool","msg":"Tool 'git_stash' registered successfully."}
{"level":20,"time":1787126418583,"env":"development","version":"2.6.5","pid":35995,"toolName":"git_status","requestId":"CTGC6-ECEJX","timestamp":"2026-08-19T08:00:18.583Z","operation":"ToolRegistry.registerTool","msg":"Registering tool: 'git_status'"}
{"level":30,"time":1787126418583,"env":"development","version":"2.6.5","pid":35995,"toolName":"git_status","requestId":"CTGC6-ECEJX","timestamp":"2026-08-19T08:00:18.583Z","operation":"ToolRegistry.registerTool","msg":"Tool 'git_status' registered successfully."}
{"level":20,"time":1787126418583,"env":"development","version":"2.6.5","pid":35995,"toolName":"git_tag","requestId":"2S3I5-3EMRQ","timestamp":"2026-08-19T08:00:18.583Z","operation":"ToolRegistry.registerTool","msg":"Registering tool: 'git_tag'"}
{"level":30,"time":1787126418583,"env":"development","version":"2.6.5","pid":35995,"toolName":"git_tag","requestId":"2S3I5-3EMRQ","timestamp":"2026-08-19T08:00:18.583Z","operation":"ToolRegistry.registerTool","msg":"Tool 'git_tag' registered successfully."}
{"level":20,"time":1787126418583,"env":"development","version":"2.6.5","pid":35995,"toolName":"git_worktree","requestId":"HTRZY-DN5FK","timestamp":"2026-08-19T08:00:18.583Z","operation":"ToolRegistry.registerTool","msg":"Registering tool: 'git_worktree'"}
{"level":30,"time":1787126418583,"env":"development","version":"2.6.5","pid":35995,"toolName":"git_worktree","requestId":"HTRZY-DN5FK","timestamp":"2026-08-19T08:00:18.583Z","operation":"ToolRegistry.registerTool","msg":"Tool 'git_worktree' registered successfully."}
{"level":20,"time":1787126418583,"env":"development","version":"2.6.5","pid":35995,"toolName":"git_wrapup_instructions","requestId":"WLORD-3PV2K","timestamp":"2026-08-19T08:00:18.583Z","operation":"ToolRegistry.registerTool","msg":"Registering tool: 'git_wrapup_instructions'"}
{"level":30,"time":1787126418583,"env":"development","version":"2.6.5","pid":35995,"toolName":"git_wrapup_instructions","requestId":"WLORD-3PV2K","timestamp":"2026-08-19T08:00:18.583Z","operation":"ToolRegistry.registerTool","msg":"Tool 'git_wrapup_instructions' registered successfully."}
{"level":30,"time":1787126418583,"env":"development","version":"2.6.5","pid":35995,"requestId":"NCU5J-24N8S","timestamp":"2026-08-19T08:00:18.583Z","operation":"ResourceRegistry.registerAll","msg":"Registering 1 resource(s)..."}
{"level":30,"time":1787126418584,"env":"development","version":"2.6.5","pid":35995,"requestId":"E6Z2K-WL9WQ","timestamp":"2026-08-19T08:00:18.584Z","resourceName":"git-working-directory","operation":"RegisterResource","msg":"Registering resource: 'git-working-directory'"}
{"level":30,"time":1787126418584,"env":"development","version":"2.6.5","pid":35995,"requestId":"E6Z2K-WL9WQ","timestamp":"2026-08-19T08:00:18.584Z","resourceName":"git-working-directory","operation":"RegisterResource","msg":"Resource 'git-working-directory' registered successfully."}
{"level":20,"time":1787126418584,"env":"development","version":"2.6.5","pid":35995,"requestId":"RUO19-LZ6RZ","timestamp":"2026-08-19T08:00:18.584Z","operation":"PromptRegistry.registerAll","msg":"Registering 1 prompts..."}
{"level":20,"time":1787126418584,"env":"development","version":"2.6.5","pid":35995,"requestId":"RUO19-LZ6RZ","timestamp":"2026-08-19T08:00:18.584Z","operation":"PromptRegistry.registerAll","msg":"Registering prompt: git_wrapup"}
{"level":30,"time":1787126418585,"env":"development","version":"2.6.5","pid":35995,"requestId":"RUO19-LZ6RZ","timestamp":"2026-08-19T08:00:18.584Z","operation":"PromptRegistry.registerAll","msg":"Registered prompt: git_wrapup"}
{"level":30,"time":1787126418585,"env":"development","version":"2.6.5","pid":35995,"requestId":"RUO19-LZ6RZ","timestamp":"2026-08-19T08:00:18.584Z","operation":"PromptRegistry.registerAll","msg":"Successfully registered 1 prompts"}
{"level":20,"time":1787126418585,"env":"development","version":"2.6.5","pid":35995,"requestId":"CYJ4Z-XDIG3","timestamp":"2026-08-19T08:00:18.585Z","operation":"RootsRegistry.registerAll","msg":"Roots capability enabled (client-provided roots)"}
{"level":30,"time":1787126418585,"env":"development","version":"2.6.5","pid":35995,"requestId":"CYJ4Z-XDIG3","timestamp":"2026-08-19T08:00:18.585Z","operation":"RootsRegistry.registerAll","msg":"Roots capability registered successfully"}
{"level":30,"time":1787126418585,"env":"development","version":"2.6.5","pid":35995,"requestId":"QS55N-75GDC","timestamp":"2026-08-19T08:00:18.578Z","operation":"createMcpServerInstance","msg":"All MCP capabilities registered successfully"}
{"level":30,"time":1787126418585,"env":"development","version":"2.6.5","pid":35995,"transport":"stdio","requestId":"LELOJ-MHEN9","timestamp":"2026-08-19T08:00:18.578Z","operation":"connectStdioTransport","transportType":"Stdio","msg":"Attempting to connect stdio transport..."}
{"level":20,"time":1787126418585,"env":"development","version":"2.6.5","pid":35995,"transport":"stdio","requestId":"LELOJ-MHEN9","timestamp":"2026-08-19T08:00:18.578Z","operation":"connectStdioTransport","transportType":"Stdio","msg":"Creating StdioServerTransport instance..."}
{"level":20,"time":1787126418585,"env":"development","version":"2.6.5","pid":35995,"transport":"stdio","requestId":"LELOJ-MHEN9","timestamp":"2026-08-19T08:00:18.578Z","operation":"connectStdioTransport","transportType":"Stdio","msg":"Connecting McpServer instance to StdioServerTransport..."}
{"level":30,"time":1787126418585,"env":"development","version":"2.6.5","pid":35995,"transport":"stdio","requestId":"LELOJ-MHEN9","timestamp":"2026-08-19T08:00:18.578Z","operation":"connectStdioTransport","transportType":"Stdio","msg":"MCP Server connected and listening via stdio transport."}
{"level":30,"time":1787126418585,"env":"development","version":"2.6.5","pid":35995,"applicationName":"@cyanheads/git-mcp-server","applicationVersion":"2.6.5","nodeEnvironment":"development","requestId":"7F0NH-DKMDQ","timestamp":"2026-08-19T08:00:18.578Z","operation":"ServerStartup","msg":"@cyanheads/git-mcp-server is now running and ready."}
{"level":30,"time":1787128273111,"env":"development","version":"2.6.5","pid":35995,"triggerEvent":"SIGTERM","requestId":"B8ARK-XSN94","timestamp":"2026-08-19T08:31:13.111Z","operation":"ServerShutdown","msg":"Received SIGTERM. Initiating graceful shutdown..."}
{"level":30,"time":1787128273112,"env":"development","version":"2.6.5","pid":35995,"signal":"SIGTERM","requestId":"4DMKN-ZM5C6","timestamp":"2026-08-19T08:31:13.112Z","operation":"stopStdioTransport","transportType":"Stdio","msg":"Attempting to stop stdio transport..."}
{"level":30,"time":1787128273113,"env":"development","version":"2.6.5","pid":35995,"signal":"SIGTERM","requestId":"4DMKN-ZM5C6","timestamp":"2026-08-19T08:31:13.112Z","operation":"stopStdioTransport","transportType":"Stdio","msg":"Stdio transport stopped successfully."}
{"level":30,"time":1787128273113,"env":"development","version":"2.6.5","pid":35995,"triggerEvent":"SIGTERM","requestId":"B8ARK-XSN94","timestamp":"2026-08-19T08:31:13.111Z","operation":"ServerShutdown","msg":"Graceful shutdown completed successfully. Exiting."}
{"level":30,"time":1787128273113,"env":"development","version":"2.6.5","pid":35995,"requestId":"0AGDS-R5TTV","timestamp":"2026-08-19T08:31:13.113Z","operation":"loggerClose","msg":"Logger shutting down."}
